origine,destinazione,numViaggi
VOLTRI,VOLTRI,2858.0
PEGLI,SESTRI,2460.0
SESTRI,PEGLI,2460.0
SESTRI,CORNIGLIANO,2375.0
CORNIGLIANO,SESTRI,2375.0
SESTRI,S.GIOVANNI BATTISTA,2095.0
S.GIOVANNI BATTISTA,SESTRI,2095.0
SESTRI,SESTRI,1855.0
S.GIOVANNI BATTISTA,CALCINARA,1817.0
CALCINARA,S.GIOVANNI BATTISTA,1817.0
BOLZANETO,BOLZANETO,1780.0
S.FRUTTUOSO,S.FRUTTUOSO,1764.0
S.QUIRICO,PONTEDECIMO,1681.0
PONTEDECIMO,S.QUIRICO,1681.0
PONTEDECIMO,PONTEDECIMO,1657.0
S.VINCENZO,MOLASSANA,1556.0
MOLASSANA,S.VINCENZO,1556.0
S.FRUTTUOSO,S.MARTINO,1545.0
S.MARTINO,S.FRUTTUOSO,1545.0
MONTESIGNANO,MOLASSANA,1526.0
MOLASSANA,MONTESIGNANO,1526.0
SESTRI,CALCINARA,1436.0
CALCINARA,SESTRI,1436.0
S.VINCENZO,S.FRUTTUOSO,1399.0
S.FRUTTUOSO,S.VINCENZO,1399.0
S.VINCENZO,BORGORATTI,1359.0
BORGORATTI,S.VINCENZO,1359.0
CASTELLUCCIO,PEGLI,1349.0
PEGLI,CASTELLUCCIO,1349.0
QUARTO,QUINTO,1323.0
QUINTO,QUARTO,1323.0
ANGELI,S.TEODORO,1314.0
S.TEODORO,ANGELI,1314.0
CORNIGLIANO,SAMPIERDARENA,1296.0
SAMPIERDARENA,CORNIGLIANO,1296.0
PALMARO,PRA',1251.0
PRA',PALMARO,1251.0
VOLTRI,PALMARO,1237.0
PALMARO,VOLTRI,1237.0
SESTRI,S.VINCENZO,1172.0
S.VINCENZO,SESTRI,1172.0
NERVI,NERVI,1152.0
MOLO,RIVAROLO,1149.0
RIVAROLO,MOLO,1149.0
S.MARTINO,S.VINCENZO,1098.0
S.VINCENZO,S.MARTINO,1098.0
CERTOSA,CERTOSA,1085.0
S.VINCENZO,MONTESIGNANO,1083.0
MONTESIGNANO,S.VINCENZO,1083.0
CASTAGNA,NERVI,1030.0
NERVI,CASTAGNA,1030.0
S.GIULIANO,S.VINCENZO,1020.0
S.VINCENZO,S.GIULIANO,1020.0
PEGLI,PEGLI,1018.0
CASTELLETTO,S.VINCENZO,982.0
S.VINCENZO,CASTELLETTO,982.0
QUEZZI,MARASSI,976.0
MARASSI,QUEZZI,976.0
CORNIGLIANO,CORNIGLIANO,971.0
ANGELI,MARASSI,940.0
MARASSI,ANGELI,940.0
QUARTO,NERVI,933.0
NERVI,QUARTO,933.0
ALBARO,BRIGNOLE,931.0
BRIGNOLE,ALBARO,931.0
MOLO,PARENZO,919.0
PARENZO,MOLO,919.0
MOLO,QUARTO,908.0
QUARTO,MOLO,908.0
S.MARTINO,MOLO,902.0
CASTAGNA,S.VINCENZO,902.0
MOLO,S.MARTINO,902.0
S.VINCENZO,CASTAGNA,902.0
PRA',PRA',901.0
MONTESIGNANO,MONTESIGNANO,893.0
MOLO,SAMPIERDARENA,877.0
SAMPIERDARENA,MOLO,877.0
MULTEDO,SESTRI,875.0
SESTRI,MULTEDO,875.0
BELVEDERE,PUGGIA,875.0
PUGGIA,BELVEDERE,875.0
BRIGNOLE,CORNIGLIANO,868.0
CORNIGLIANO,BRIGNOLE,868.0
S.GIOVANNI BATTISTA,S.GIOVANNI BATTISTA,852.0
PONTEDECIMO,S.VINCENZO,847.0
S.VINCENZO,PONTEDECIMO,847.0
MOLASSANA,MOLASSANA,847.0
S.VINCENZO,S.TEODORO,840.0
S.TEODORO,S.VINCENZO,840.0
SESTRI,MOLO,826.0
MOLO,SESTRI,826.0
MADDALENA,CORNIGLIANO,806.0
S.VINCENZO,CORNIGLIANO,806.0
CORNIGLIANO,MADDALENA,806.0
CORNIGLIANO,S.VINCENZO,806.0
VOLTRI,PEGLI,793.0
PEGLI,VOLTRI,793.0
CALCINARA,CORNIGLIANO,782.0
CORNIGLIANO,CALCINARA,782.0
PRE',S.VINCENZO,781.0
S.VINCENZO,PRE',781.0
BORZOLI EST,S.QUIRICO,769.0
S.QUIRICO,BORZOLI EST,769.0
VOLTRI,CA NUOVA,757.0
CA NUOVA,VOLTRI,757.0
CERTOSA,S.QUIRICO,755.0
S.QUIRICO,CERTOSA,755.0
S.NICOLA,S.VINCENZO,752.0
S.VINCENZO,S.NICOLA,752.0
MOLO,S.VINCENZO,750.0
S.VINCENZO,MOLO,750.0
QUINTO,NERVI,750.0
NERVI,QUINTO,750.0
BOLZANETO,S.QUIRICO,747.0
S.QUIRICO,BOLZANETO,747.0
BOLZANETO,FOCE,745.0
FOCE,BOLZANETO,745.0
S.VINCENZO,SAMPIERDARENA,739.0
SAMPIERDARENA,S.VINCENZO,739.0
LAGACCIO,S.VINCENZO,738.0
S.VINCENZO,LAGACCIO,738.0
TEGLIA,S.QUIRICO,736.0
S.QUIRICO,TEGLIA,736.0
S.BARTOLOMEO,ANGELI,736.0
ANGELI,S.BARTOLOMEO,736.0
S.MARTINO,CASTAGNA,734.0
CASTAGNA,S.MARTINO,734.0
CALCINARA,S.QUIRICO,732.0
S.QUIRICO,CALCINARA,732.0
PRA',PEGLI,731.0
PEGLI,PRA',731.0
CERTOSA,MOLO,723.0
MOLO,CERTOSA,723.0
S.MARTINO,ALBARO,721.0
ALBARO,S.MARTINO,721.0
BELVEDERE,S.VINCENZO,720.0
S.VINCENZO,BELVEDERE,720.0
BORGORATTI,S.MARTINO,717.0
S.MARTINO,BORGORATTI,717.0
ALBARO,S.GIULIANO,712.0
S.GIULIANO,ALBARO,712.0
S.FRUTTUOSO,SESTRI,709.0
SESTRI,S.FRUTTUOSO,709.0
SESTRI,MARASSI,700.0
MARASSI,SESTRI,700.0
S.VINCENZO,ALBARO,699.0
ALBARO,S.VINCENZO,699.0
S.GIOVANNI BATTISTA,S.BARTOLOMEO,694.0
S.BARTOLOMEO,S.GIOVANNI BATTISTA,694.0
PRA',CASTELLUCCIO,689.0
CASTELLUCCIO,PRA',689.0
CA NUOVA,S.VINCENZO,683.0
S.VINCENZO,CA NUOVA,683.0
SAMPIERDARENA,S.BARTOLOMEO,682.0
S.BARTOLOMEO,SAMPIERDARENA,682.0
FOCE,MONTESIGNANO,677.0
MONTESIGNANO,FOCE,677.0
BELVEDERE,ANGELI,672.0
ANGELI,BELVEDERE,672.0
MOLO,DORIA,669.0
DORIA,MOLO,669.0
S.GIOVANNI BATTISTA,BOLZANETO,665.0
S.GIOVANNI BATTISTA,ALBARO,665.0
BOLZANETO,S.GIOVANNI BATTISTA,665.0
ALBARO,S.GIOVANNI BATTISTA,665.0
S.AGATA,FORTE QUEZZI,661.0
FORTE QUEZZI,S.AGATA,661.0
CORNIGLIANO,CAMPI,660.0
CAMPI,CORNIGLIANO,660.0
S.FRUTTUOSO,MOLASSANA,659.0
MOLASSANA,S.FRUTTUOSO,659.0
CALCINARA,ANGELI,655.0
ANGELI,CALCINARA,655.0
QUARTO,S.VINCENZO,650.0
S.VINCENZO,QUARTO,650.0
CHIAPPETO,S.MARTINO,648.0
S.MARTINO,CHIAPPETO,648.0
PUGGIA,S.VINCENZO,646.0
S.VINCENZO,PUGGIA,646.0
BRIGNOLE,MOLASSANA,630.0
MOLASSANA,BRIGNOLE,630.0
BRIGNOLE,S.FRUTTUOSO,628.0
S.FRUTTUOSO,BRIGNOLE,628.0
OREGINA,S.VINCENZO,620.0
S.VINCENZO,OREGINA,620.0
S.VINCENZO,PARENZO,619.0
PARENZO,S.VINCENZO,619.0
CREVARI,VOLTRI,607.0
VOLTRI,CREVARI,607.0
S.TEODORO,S.MARTINO,607.0
S.MARTINO,S.TEODORO,607.0
VOLTRI,SESTRI,606.0
SESTRI,VOLTRI,606.0
CALCINARA,CARIGNANO,599.0
CARIGNANO,CALCINARA,599.0
BRIGNOLE,QUARTARA,597.0
QUARTARA,BRIGNOLE,597.0
RIVAROLO,TEGLIA,596.0
TEGLIA,RIVAROLO,596.0
S.QUIRICO,S.QUIRICO,595.0
LIDO,BRIGNOLE,592.0
BRIGNOLE,LIDO,592.0
MOLO,S.FRUTTUOSO,589.0
S.FRUTTUOSO,MOLO,589.0
S.MARTINO,QUARTARA,586.0
QUARTARA,S.MARTINO,586.0
NERVI,SESTRI,577.0
SESTRI,NERVI,577.0
MONTESIGNANO,DORIA,577.0
DORIA,MONTESIGNANO,577.0
QUINTO,SAMPIERDARENA,575.0
SAMPIERDARENA,QUINTO,575.0
SAMPIERDARENA,ANGELI,573.0
ANGELI,SAMPIERDARENA,573.0
ANGELI,MOLO,573.0
MOLO,ANGELI,573.0
SESTRI,SAMPIERDARENA,572.0
SAMPIERDARENA,SESTRI,572.0
MOLASSANA,PRATO,568.0
PRATO,MOLASSANA,568.0
S.VINCENZO,QUEZZI,563.0
S.FRUTTUOSO,ANGELI,563.0
QUEZZI,S.VINCENZO,563.0
CERTOSA,SAMPIERDARENA,563.0
SAMPIERDARENA,CERTOSA,563.0
ANGELI,S.FRUTTUOSO,563.0
PEGLI,SAMPIERDARENA,559.0
SAMPIERDARENA,PEGLI,559.0
PARENZO,QUINTO,559.0
QUINTO,PARENZO,559.0
S.MARTINO,QUINTO,556.0
QUINTO,S.MARTINO,556.0
S.MARTINO,STURLA,553.0
STURLA,S.MARTINO,553.0
S.MARTINO,MOLASSANA,546.0
MOLASSANA,S.MARTINO,546.0
OREGINA,LAGACCIO,545.0
S.VINCENZO,VOLTRI,545.0
VOLTRI,S.VINCENZO,545.0
LAGACCIO,OREGINA,545.0
BORZOLI EST,CORNIGLIANO,543.0
TEGLIA,BOLZANETO,543.0
BOLZANETO,TEGLIA,543.0
CORNIGLIANO,BORZOLI EST,543.0
PEGLI,S.VINCENZO,539.0
MOLO,MOLASSANA,539.0
S.VINCENZO,PEGLI,539.0
MOLASSANA,MOLO,539.0
RIVAROLO,S.GAETANO,536.0
S.GAETANO,RIVAROLO,536.0
MOLO,STURLA,535.0
STURLA,MOLO,535.0
ANGELI,S.VINCENZO,532.0
S.VINCENZO,ANGELI,532.0
MONTESIGNANO,S.EUSEBIO,525.0
S.EUSEBIO,MONTESIGNANO,525.0
S.GIOVANNI BATTISTA,SAMPIERDARENA,520.0
SAMPIERDARENA,S.GIOVANNI BATTISTA,520.0
S.GIOVANNI BATTISTA,CORNIGLIANO,519.0
CORNIGLIANO,S.GIOVANNI BATTISTA,519.0
BEGATO,S.VINCENZO,518.0
S.VINCENZO,BEGATO,518.0
CA NUOVA,PEGLI,512.0
PEGLI,CA NUOVA,512.0
BEGATO,BOLZANETO,509.0
BOLZANETO,BEGATO,509.0
NERVI,FOCE,506.0
FOCE,NERVI,506.0
MARASSI,PARENZO,505.0
PARENZO,MARASSI,505.0
BRIGNOLE,PARENZO,504.0
PARENZO,BRIGNOLE,504.0
MADDALENA,NERVI,500.0
NERVI,MADDALENA,500.0
STURLA,BRIGNOLE,499.0
BRIGNOLE,STURLA,499.0
S.VINCENZO,BOLZANETO,495.0
BOLZANETO,S.VINCENZO,495.0
TEGLIA,BRIGNOLE,493.0
MOLO,ALBARO,493.0
CASTELLETTO,CARIGNANO,493.0
CARIGNANO,CASTELLETTO,493.0
BRIGNOLE,TEGLIA,493.0
BRIGNOLE,NERVI,493.0
ALBARO,MOLO,493.0
NERVI,BRIGNOLE,493.0
S.MARTINO,BRIGNOLE,490.0
ALBARO,MARASSI,490.0
QUARTO,APPARIZIONE,490.0
BRIGNOLE,S.MARTINO,490.0
MARASSI,ALBARO,490.0
APPARIZIONE,QUARTO,490.0
MOLO,BOLZANETO,489.0
BOLZANETO,MOLO,489.0
SESTRI,MONTESIGNANO,488.0
MONTESIGNANO,SESTRI,488.0
ANGELI,LAGACCIO,484.0
LAGACCIO,ANGELI,484.0
PRA',S.VINCENZO,483.0
S.VINCENZO,PRA',483.0
S.VINCENZO,FORTE QUEZZI,481.0
FORTE QUEZZI,S.VINCENZO,481.0
SESTRI,BOLZANETO,481.0
BOLZANETO,SESTRI,481.0
SAMPIERDARENA,S.FRUTTUOSO,480.0
S.FRUTTUOSO,SAMPIERDARENA,480.0
S.FRUTTUOSO,MARASSI,480.0
MARASSI,S.FRUTTUOSO,480.0
STURLA,STURLA,479.0
MARASSI,FORTE QUEZZI,472.0
FORTE QUEZZI,MARASSI,472.0
PRE',S.MARTINO,469.0
S.MARTINO,PRE',469.0
S.MARTINO,PRATO,468.0
S.AGATA,MARASSI,468.0
MARASSI,S.AGATA,468.0
PRATO,S.MARTINO,468.0
BOLZANETO,PONTEDECIMO,467.0
PONTEDECIMO,BOLZANETO,467.0
SESTRI,BELVEDERE,466.0
BELVEDERE,SESTRI,466.0
MOLO,MOLO,466.0
MONTESIGNANO,PRATO,463.0
PRATO,MONTESIGNANO,463.0
CERTOSA,RIVAROLO,463.0
RIVAROLO,CERTOSA,463.0
PEGLI,MULTEDO,461.0
MULTEDO,PEGLI,461.0
ALBARO,STURLA,461.0
STURLA,ALBARO,461.0
QUARTARA,QUARTARA,461.0
MADDALENA,SESTRI,460.0
SESTRI,MADDALENA,460.0
PEGLI,MOLO,459.0
S.TEODORO,S.TEODORO,459.0
MOLO,PEGLI,459.0
TEGLIA,BEGATO,457.0
BEGATO,TEGLIA,457.0
PEGLI,S.GIOVANNI BATTISTA,454.0
S.GIOVANNI BATTISTA,PEGLI,454.0
SESTRI,S.MARTINO,453.0
S.MARTINO,SESTRI,453.0
NERVI,MOLO,449.0
NERVI,S.VINCENZO,449.0
MOLO,NERVI,449.0
S.VINCENZO,NERVI,449.0
CARIGNANO,BRIGNOLE,447.0
BRIGNOLE,CARIGNANO,447.0
PEGLI,BELVEDERE,447.0
BELVEDERE,PEGLI,447.0
SAMPIERDARENA,SAMPIERDARENA,443.0
BRIGNOLE,QUARTO,440.0
QUARTO,BRIGNOLE,440.0
PRA',SESTRI,439.0
SESTRI,PRA',439.0
TEGLIA,TEGLIA,438.0
MOLO,MONTESIGNANO,437.0
S.VINCENZO,S.VINCENZO,437.0
MONTESIGNANO,MOLO,437.0
CASTELLETTO,CASTELLETTO,432.0
S.VINCENZO,S.GAETANO,432.0
S.GAETANO,S.VINCENZO,432.0
MANIN,S.VINCENZO,431.0
S.VINCENZO,MANIN,431.0
RIVAROLO,BOLZANETO,429.0
BOLZANETO,RIVAROLO,429.0
S.GIOVANNI BATTISTA,BORZOLI EST,426.0
BORZOLI EST,S.GIOVANNI BATTISTA,426.0
CALCINARA,S.VINCENZO,424.0
S.VINCENZO,CALCINARA,424.0
RIVAROLO,BEGATO,423.0
BEGATO,RIVAROLO,423.0
CALCINARA,MOLO,420.0
MOLO,CALCINARA,420.0
MOLO,BEGATO,417.0
BEGATO,MOLO,417.0
VOLTRI,BOLZANETO,416.0
S.GIOVANNI BATTISTA,S.GAETANO,416.0
S.GIOVANNI BATTISTA,MADDALENA,416.0
BOLZANETO,VOLTRI,416.0
S.GAETANO,S.GIOVANNI BATTISTA,416.0
MADDALENA,S.GIOVANNI BATTISTA,416.0
MADDALENA,LAGACCIO,415.0
MOLO,LAGACCIO,415.0
LAGACCIO,MADDALENA,415.0
LAGACCIO,MOLO,415.0
VOLTRI,S.GAETANO,414.0
S.GAETANO,VOLTRI,414.0
PALMARO,SESTRI,413.0
SESTRI,PALMARO,413.0
CASTELLETTO,BRIGNOLE,412.0
BRIGNOLE,CASTELLETTO,412.0
CASTELLETTO,MANIN,411.0
MANIN,CASTELLETTO,411.0
MOLO,BELVEDERE,407.0
BELVEDERE,MOLO,407.0
CAMPASSO,MOLO,404.0
MOLO,CAMPASSO,404.0
MARASSI,CORNIGLIANO,401.0
CORNIGLIANO,MARASSI,401.0
PARENZO,MONTESIGNANO,399.0
MONTESIGNANO,PARENZO,399.0
CARIGNANO,S.FRUTTUOSO,397.0
S.FRUTTUOSO,CARIGNANO,397.0
DORIA,S.QUIRICO,397.0
S.QUIRICO,DORIA,397.0
PRA',ALBARO,396.0
ALBARO,PRA',396.0
NERVI,PEGLI,394.0
PEGLI,NERVI,394.0
QUEZZI,QUEZZI,394.0
CAMPASSO,BELVEDERE,393.0
BELVEDERE,CAMPASSO,393.0
BORGORATTI,S.FRUTTUOSO,391.0
S.FRUTTUOSO,BORGORATTI,391.0
BORZOLI EST,CERTOSA,389.0
CERTOSA,BORZOLI EST,389.0
ANGELI,PARENZO,387.0
PARENZO,ANGELI,387.0
CALCINARA,S.MARTINO,384.0
BORZOLI EST,TEGLIA,384.0
BORZOLI EST,BEGATO,384.0
BORZOLI EST,CAMPASSO,384.0
TEGLIA,BORZOLI EST,384.0
BEGATO,BORZOLI EST,384.0
CAMPASSO,BORZOLI EST,384.0
CAMPASSO,SAMPIERDARENA,384.0
SAMPIERDARENA,CAMPASSO,384.0
S.MARTINO,CALCINARA,384.0
S.VINCENZO,RIVAROLO,383.0
RIVAROLO,S.VINCENZO,383.0
S.AGATA,S.FRUTTUOSO,381.0
S.FRUTTUOSO,S.AGATA,381.0
CARIGNANO,QUARTO,377.0
QUARTO,CARIGNANO,377.0
QUARTARA,NERVI,377.0
NERVI,QUARTARA,377.0
CASTAGNA,MOLO,376.0
MOLO,CASTAGNA,376.0
S.FRUTTUOSO,CORNIGLIANO,376.0
S.QUIRICO,SAMPIERDARENA,376.0
CORNIGLIANO,S.FRUTTUOSO,376.0
SAMPIERDARENA,S.QUIRICO,376.0
S.TEODORO,BRIGNOLE,375.0
BRIGNOLE,S.TEODORO,375.0
MANIN,MARASSI,374.0
MARASSI,MANIN,374.0
NERVI,S.GIOVANNI BATTISTA,374.0
S.GIOVANNI BATTISTA,NERVI,374.0
MOLO,CASTELLETTO,373.0
CASTELLETTO,MOLO,373.0
FOCE,STURLA,373.0
STURLA,FOCE,373.0
CASTAGNA,DORIA,372.0
S.VINCENZO,DORIA,372.0
DORIA,S.VINCENZO,372.0
DORIA,CASTAGNA,372.0
PARENZO,S.MARTINO,367.0
BOLZANETO,S.MARTINO,367.0
S.TEODORO,NERVI,367.0
S.MARTINO,BOLZANETO,367.0
S.MARTINO,PARENZO,367.0
NERVI,S.TEODORO,367.0
S.VINCENZO,CARIGNANO,365.0
CARIGNANO,S.VINCENZO,365.0
S.MARTINO,PALMARO,362.0
NERVI,PALMARO,362.0
PALMARO,S.MARTINO,362.0
PALMARO,NERVI,362.0
CERTOSA,CORNIGLIANO,362.0
CORNIGLIANO,CERTOSA,362.0
ANGELI,BRIGNOLE,360.0
S.VINCENZO,MARASSI,360.0
BRIGNOLE,ANGELI,360.0
MARASSI,S.VINCENZO,360.0
S.MARTINO,LIDO,360.0
LIDO,S.MARTINO,360.0
PEGLI,CASTELLETTO,359.0
CASTELLETTO,PEGLI,359.0
BORZOLI OVEST,BELVEDERE,358.0
BELVEDERE,BORZOLI OVEST,358.0
S.AGATA,FEREGGIANO,354.0
FEREGGIANO,S.AGATA,354.0
BRIGNOLE,S.DESIDERIO,353.0
S.DESIDERIO,BRIGNOLE,353.0
PRA',BOLZANETO,352.0
BOLZANETO,PRA',352.0
MOREGO,S.QUIRICO,350.0
S.QUIRICO,MOREGO,350.0
SAMPIERDARENA,OREGINA,349.0
OREGINA,SAMPIERDARENA,349.0
MOLO,CASTELLUCCIO,348.0
CASTELLUCCIO,MOLO,348.0
CAMPI,S.BARTOLOMEO,347.0
S.BARTOLOMEO,CAMPI,347.0
S.BARTOLOMEO,PRE',347.0
S.BARTOLOMEO,LIDO,347.0
S.BARTOLOMEO,CASTAGNA,347.0
LIDO,S.BARTOLOMEO,347.0
CASTAGNA,S.BARTOLOMEO,347.0
PRE',S.BARTOLOMEO,347.0
ANGELI,S.MARTINO,344.0
S.MARTINO,ANGELI,344.0
CHIAPPETO,SESTRI,343.0
S.GIULIANO,BELVEDERE,343.0
SESTRI,CHIAPPETO,343.0
BOLZANETO,BELVEDERE,343.0
BELVEDERE,BOLZANETO,343.0
BELVEDERE,S.GIULIANO,343.0
CA NUOVA,PALMARO,341.0
CA NUOVA,PRA',341.0
CA NUOVA,S.GIOVANNI BATTISTA,341.0
CA NUOVA,CORNIGLIANO,341.0
PALMARO,CA NUOVA,341.0
PRA',CA NUOVA,341.0
S.GIOVANNI BATTISTA,CA NUOVA,341.0
CERTOSA,S.VINCENZO,341.0
CORNIGLIANO,CA NUOVA,341.0
S.VINCENZO,CERTOSA,341.0
S.VINCENZO,BRIGNOLE,339.0
BRIGNOLE,S.VINCENZO,339.0
PEGLI,S.MARTINO,339.0
PEGLI,STURLA,339.0
PONTEDECIMO,QUARTARA,339.0
S.MARTINO,PEGLI,339.0
STURLA,PEGLI,339.0
QUARTARA,PONTEDECIMO,339.0
MOLO,QUEZZI,338.0
QUEZZI,MOLO,338.0
FEREGGIANO,MARASSI,336.0
MARASSI,FEREGGIANO,336.0
MARASSI,PRATO,335.0
PRATO,MARASSI,335.0
BRIGNOLE,S.GIULIANO,333.0
DORIA,S.GIOVANNI BATTISTA,333.0
S.GIULIANO,BRIGNOLE,333.0
STURLA,S.GIOVANNI BATTISTA,333.0
PRA',S.GIOVANNI BATTISTA,333.0
S.GIOVANNI BATTISTA,PRA',333.0
S.GIOVANNI BATTISTA,CAMPI,333.0
S.GIOVANNI BATTISTA,BELVEDERE,333.0
S.GIOVANNI BATTISTA,DORIA,333.0
S.GIOVANNI BATTISTA,STURLA,333.0
CAMPI,S.GIOVANNI BATTISTA,333.0
BELVEDERE,S.GIOVANNI BATTISTA,333.0
ANGELI,OREGINA,331.0
OREGINA,ANGELI,331.0
SESTRI,BORZOLI OVEST,330.0
BORZOLI OVEST,SESTRI,330.0
OREGINA,MOLO,329.0
MOLO,OREGINA,329.0
OREGINA,S.NICOLA,328.0
S.NICOLA,OREGINA,328.0
MULTEDO,CALCINARA,327.0
CALCINARA,MULTEDO,327.0
ANGELI,ANGELI,327.0
MULTEDO,S.TEODORO,326.0
S.TEODORO,MULTEDO,326.0
MOLASSANA,DORIA,325.0
DORIA,MOLASSANA,325.0
S.VINCENZO,CHIAPPETO,324.0
CERTOSA,BEGATO,324.0
BEGATO,CERTOSA,324.0
CHIAPPETO,S.VINCENZO,324.0
PUGGIA,STURLA,323.0
STURLA,PUGGIA,323.0
BAVARI,CAMPASSO,323.0
BOLZANETO,CAMPASSO,323.0
CAMPASSO,BOLZANETO,323.0
CAMPASSO,BAVARI,323.0
PALMARO,CERTOSA,322.0
CERTOSA,PALMARO,322.0
CERTOSA,S.GIULIANO,322.0
S.GIULIANO,CERTOSA,322.0
FEREGGIANO,FORTE QUEZZI,321.0
FORTE QUEZZI,FEREGGIANO,321.0
FORTE QUEZZI,MONTESIGNANO,321.0
MONTESIGNANO,FORTE QUEZZI,321.0
S.TEODORO,LAGACCIO,320.0
LAGACCIO,S.TEODORO,320.0
PEGLI,CAMPI,319.0
PEGLI,MADDALENA,319.0
PEGLI,MOLASSANA,319.0
PEGLI,CHIAPPETO,319.0
BOLZANETO,PARENZO,319.0
CAMPI,PEGLI,319.0
MADDALENA,PEGLI,319.0
BRIGNOLE,S.AGATA,319.0
BRIGNOLE,QUEZZI,319.0
S.AGATA,BRIGNOLE,319.0
QUEZZI,BRIGNOLE,319.0
PARENZO,BOLZANETO,319.0
MOLASSANA,PEGLI,319.0
CHIAPPETO,PEGLI,319.0
CERTOSA,PRE',318.0
PRE',CERTOSA,318.0
S.VINCENZO,BAVARI,318.0
BAVARI,S.VINCENZO,318.0
BOLZANETO,SAMPIERDARENA,317.0
SAMPIERDARENA,BOLZANETO,317.0
S.VINCENZO,FEREGGIANO,316.0
FEREGGIANO,S.VINCENZO,316.0
S.AGATA,SESTRI,314.0
SESTRI,S.AGATA,314.0
ALBARO,S.EUSEBIO,313.0
S.EUSEBIO,ALBARO,313.0
MOLO,S.GIOVANNI BATTISTA,312.0
MOLO,PRATO,312.0
S.VINCENZO,PRATO,312.0
PRATO,MOLO,312.0
PRATO,S.VINCENZO,312.0
S.GIOVANNI BATTISTA,MOLO,312.0
PONTEDECIMO,BELVEDERE,312.0
BELVEDERE,PONTEDECIMO,312.0
OREGINA,S.MARTINO,310.0
S.MARTINO,OREGINA,310.0
STURLA,PARENZO,309.0
PARENZO,STURLA,309.0
PRA',SAMPIERDARENA,308.0
SAMPIERDARENA,PRA',308.0
MULTEDO,LIDO,307.0
MANIN,QUINTO,307.0
CARIGNANO,PARENZO,307.0
S.FRUTTUOSO,ALBARO,307.0
PARENZO,CARIGNANO,307.0
ALBARO,S.FRUTTUOSO,307.0
LIDO,MULTEDO,307.0
QUINTO,MANIN,307.0
LIDO,MANIN,306.0
MANIN,LIDO,306.0
OREGINA,S.FRUTTUOSO,305.0
BRIGNOLE,CHIAPPETO,305.0
S.FRUTTUOSO,OREGINA,305.0
BORGORATTI,RIVAROLO,305.0
CASTELLUCCIO,CORNIGLIANO,305.0
RIVAROLO,BORGORATTI,305.0
CORNIGLIANO,CASTELLUCCIO,305.0
CHIAPPETO,BRIGNOLE,305.0
S.VINCENZO,CAMPASSO,303.0
CAMPASSO,S.VINCENZO,303.0
VOLTRI,PRA',302.0
PRA',VOLTRI,302.0
BORGORATTI,STURLA,302.0
STURLA,BORGORATTI,302.0
FORTE QUEZZI,PARENZO,302.0
PARENZO,FORTE QUEZZI,302.0
MOLO,BRIGNOLE,301.0
BRIGNOLE,MOLO,301.0
BEGATO,S.QUIRICO,301.0
S.QUIRICO,BEGATO,301.0
S.GIOVANNI BATTISTA,QUEZZI,300.0
BELVEDERE,BELVEDERE,300.0
LAGACCIO,BRIGNOLE,300.0
LAGACCIO,MOLASSANA,300.0
BRIGNOLE,LAGACCIO,300.0
QUEZZI,S.GIOVANNI BATTISTA,300.0
MOLASSANA,LAGACCIO,300.0
PEGLI,S.QUIRICO,299.0
S.QUIRICO,PEGLI,299.0
S.QUIRICO,BELVEDERE,298.0
S.QUIRICO,S.DESIDERIO,298.0
BELVEDERE,S.QUIRICO,298.0
S.FRUTTUOSO,QUEZZI,298.0
QUEZZI,S.FRUTTUOSO,298.0
S.DESIDERIO,S.QUIRICO,298.0
S.FRUTTUOSO,VOLTRI,297.0
DORIA,CORNIGLIANO,297.0
VOLTRI,S.FRUTTUOSO,297.0
CORNIGLIANO,DORIA,297.0
CASTELLETTO,S.MARTINO,295.0
FOCE,S.GIULIANO,295.0
S.MARTINO,CASTELLETTO,295.0
S.GIULIANO,FOCE,295.0
S.MARTINO,APPARIZIONE,294.0
APPARIZIONE,S.MARTINO,294.0
OREGINA,S.TEODORO,291.0
S.TEODORO,OREGINA,291.0
CORNIGLIANO,MOLO,289.0
MOLO,CORNIGLIANO,289.0
PARENZO,DORIA,289.0
DORIA,PARENZO,289.0
MARASSI,S.MARTINO,288.0
S.MARTINO,MARASSI,288.0
LIDO,SESTRI,287.0
LIDO,QUINTO,287.0
QUINTO,LIDO,287.0
VOLTRI,S.PANTALEO,287.0
SESTRI,LIDO,287.0
RIVAROLO,BRIGNOLE,287.0
S.QUIRICO,S.PANTALEO,287.0
BRIGNOLE,RIVAROLO,287.0
S.PANTALEO,VOLTRI,287.0
S.PANTALEO,S.QUIRICO,287.0
PONTEDECIMO,SAMPIERDARENA,286.0
S.GAETANO,SAMPIERDARENA,286.0
SAMPIERDARENA,PONTEDECIMO,286.0
SAMPIERDARENA,S.GAETANO,286.0
RIVAROLO,ALBARO,285.0
ALBARO,RIVAROLO,285.0
PUGGIA,BRIGNOLE,283.0
STURLA,FORTE QUEZZI,283.0
MOLO,FORTE QUEZZI,283.0
BRIGNOLE,PUGGIA,283.0
FORTE QUEZZI,MOLO,283.0
FORTE QUEZZI,STURLA,283.0
CARIGNANO,PONTEDECIMO,282.0
CARIGNANO,CASTAGNA,282.0
BRIGNOLE,CASTAGNA,282.0
PONTEDECIMO,CARIGNANO,282.0
CASTAGNA,CARIGNANO,282.0
CASTAGNA,BRIGNOLE,282.0
STURLA,PRE',280.0
PRE',STURLA,280.0
SESTRI,S.TEODORO,280.0
S.TEODORO,SESTRI,280.0
CASTELLUCCIO,BRIGNOLE,279.0
BOLZANETO,CORNIGLIANO,279.0
CORNIGLIANO,BOLZANETO,279.0
BRIGNOLE,CASTELLUCCIO,279.0
S.VINCENZO,LIDO,278.0
LIDO,S.VINCENZO,278.0
SAMPIERDARENA,LAGACCIO,277.0
LAGACCIO,SAMPIERDARENA,277.0
BORZOLI OVEST,PARENZO,271.0
OREGINA,OREGINA,271.0
PARENZO,BORZOLI OVEST,271.0
MULTEDO,SAMPIERDARENA,269.0
SAMPIERDARENA,MULTEDO,269.0
QUINTO,QUINTO,268.0
CHIAPPETO,ANGELI,267.0
ANGELI,CHIAPPETO,267.0
OREGINA,MANIN,266.0
MANIN,OREGINA,266.0
S.MARTINO,PUGGIA,266.0
PUGGIA,S.MARTINO,266.0
BORGORATTI,MOLASSANA,265.0
S.MARTINO,S.DESIDERIO,265.0
BOLZANETO,BRIGNOLE,265.0
BRIGNOLE,BOLZANETO,265.0
MOLASSANA,BORGORATTI,265.0
S.DESIDERIO,S.MARTINO,265.0
BRIGNOLE,PONTEDECIMO,264.0
BRIGNOLE,CAMPASSO,264.0
PRA',ANGELI,264.0
PONTEDECIMO,BRIGNOLE,264.0
CAMPASSO,BRIGNOLE,264.0
ANGELI,PRA',264.0
CASTAGNA,CASTAGNA,263.0
QUEZZI,PARENZO,263.0
PARENZO,QUEZZI,263.0
MANIN,CARIGNANO,262.0
CARIGNANO,MANIN,262.0
MOLO,S.GIULIANO,261.0
CARIGNANO,STURLA,261.0
S.GIULIANO,MOLO,261.0
STURLA,CARIGNANO,261.0
STURLA,CAMPASSO,260.0
CAMPASSO,STURLA,260.0
SESTRI,QUARTO,258.0
QUARTO,SESTRI,258.0
BRIGNOLE,MONTESIGNANO,257.0
FEREGGIANO,PARENZO,257.0
PARENZO,FEREGGIANO,257.0
MONTESIGNANO,BRIGNOLE,257.0
S.EUSEBIO,BOLZANETO,255.0
BOLZANETO,S.EUSEBIO,255.0
BORZOLI OVEST,CERTOSA,251.0
CERTOSA,BORZOLI OVEST,251.0
PARENZO,PARENZO,251.0
S.VINCENZO,S.GIOVANNI BATTISTA,249.0
BRIGNOLE,QUINTO,249.0
S.GIOVANNI BATTISTA,S.VINCENZO,249.0
QUINTO,BRIGNOLE,249.0
CHIAPPETO,BOLZANETO,248.0
CHIAPPETO,ALBARO,248.0
ALBARO,CHIAPPETO,248.0
BOLZANETO,CHIAPPETO,248.0
CREVARI,PUGGIA,247.0
PUGGIA,CREVARI,247.0
CASTAGNA,S.FRUTTUOSO,246.0
S.FRUTTUOSO,CASTAGNA,246.0
BORGORATTI,BOLZANETO,245.0
BOLZANETO,BORGORATTI,245.0
S.MARTINO,QUEZZI,244.0
QUEZZI,S.MARTINO,244.0
S.AGATA,ALBARO,243.0
CERTOSA,TEGLIA,243.0
TEGLIA,CERTOSA,243.0
ALBARO,S.AGATA,243.0
STURLA,S.AGATA,242.0
S.AGATA,STURLA,242.0
CARIGNANO,S.TEODORO,240.0
FOCE,BRIGNOLE,240.0
BRIGNOLE,FOCE,240.0
S.MARTINO,NERVI,240.0
STURLA,S.TEODORO,240.0
NERVI,S.MARTINO,240.0
S.TEODORO,CARIGNANO,240.0
S.TEODORO,STURLA,240.0
RIVAROLO,S.QUIRICO,239.0
S.QUIRICO,RIVAROLO,239.0
SAMPIERDARENA,BRIGNOLE,236.0
CASTELLETTO,MOLASSANA,236.0
BRIGNOLE,SAMPIERDARENA,236.0
PARENZO,MOLASSANA,236.0
MOLASSANA,CASTELLETTO,236.0
MOLASSANA,PARENZO,236.0
MARASSI,VOLTRI,234.0
VOLTRI,MARASSI,234.0
S.MARTINO,QUARTO,234.0
QUARTO,S.MARTINO,234.0
LIDO,MOLO,233.0
MOLO,LIDO,233.0
S.NICOLA,CASTELLETTO,233.0
CASTELLETTO,S.NICOLA,233.0
PEGLI,RIVAROLO,231.0
RIVAROLO,PEGLI,231.0
QUARTARA,S.VINCENZO,230.0
QUINTO,MOLO,230.0
QUINTO,MONTESIGNANO,230.0
MOLO,QUINTO,230.0
S.VINCENZO,QUARTARA,230.0
MONTESIGNANO,QUINTO,230.0
CORNIGLIANO,BELVEDERE,229.0
SAMPIERDARENA,BELVEDERE,229.0
BELVEDERE,CORNIGLIANO,229.0
BELVEDERE,SAMPIERDARENA,229.0
BOLZANETO,S.AGATA,228.0
S.AGATA,BOLZANETO,228.0
QUARTO,QUARTARA,228.0
QUARTARA,QUARTO,228.0
BORGORATTI,MOLO,226.0
BORGORATTI,BORGORATTI,226.0
S.MARTINO,S.MARTINO,226.0
MOLO,BORGORATTI,226.0
MANIN,FORTE QUEZZI,226.0
QUEZZI,MONTESIGNANO,226.0
FORTE QUEZZI,MANIN,226.0
MONTESIGNANO,QUEZZI,226.0
S.AGATA,QUEZZI,225.0
S.AGATA,S.MARTINO,225.0
QUEZZI,S.AGATA,225.0
S.MARTINO,S.AGATA,225.0
QUARTO,CASTAGNA,225.0
CASTAGNA,QUARTO,225.0
STURLA,NERVI,224.0
NERVI,STURLA,224.0
S.PANTALEO,MOLASSANA,224.0
MOLASSANA,S.PANTALEO,224.0
MOLO,VOLTRI,223.0
VOLTRI,SAMPIERDARENA,223.0
VOLTRI,BELVEDERE,223.0
VOLTRI,MOLO,223.0
SAMPIERDARENA,VOLTRI,223.0
BELVEDERE,VOLTRI,223.0
QUARTARA,QUINTO,223.0
QUINTO,QUARTARA,223.0
CARIGNANO,LAGACCIO,222.0
LAGACCIO,CARIGNANO,222.0
SAMPIERDARENA,S.DESIDERIO,221.0
S.PANTALEO,MONTESIGNANO,221.0
MONTESIGNANO,S.PANTALEO,221.0
S.DESIDERIO,SAMPIERDARENA,221.0
S.VINCENZO,STURLA,220.0
CARIGNANO,S.GIULIANO,220.0
S.GIULIANO,CARIGNANO,220.0
STURLA,S.VINCENZO,220.0
SAMPIERDARENA,S.TEODORO,220.0
S.TEODORO,SAMPIERDARENA,220.0
BOLZANETO,MOREGO,217.0
MOREGO,BOLZANETO,217.0
MADDALENA,BRIGNOLE,214.0
BRIGNOLE,MADDALENA,214.0
PRATO,PRATO,214.0
PARENZO,QUARTO,213.0
QUARTO,PARENZO,213.0
QUARTO,QUARTO,213.0
S.MARTINO,MONTESIGNANO,209.0
CASTELLUCCIO,S.VINCENZO,209.0
S.QUIRICO,MONTESIGNANO,209.0
S.VINCENZO,CASTELLUCCIO,209.0
MONTESIGNANO,S.QUIRICO,209.0
MONTESIGNANO,S.MARTINO,209.0
PARENZO,BORGORATTI,208.0
BORGORATTI,PARENZO,208.0
S.FRUTTUOSO,PARENZO,207.0
PARENZO,S.FRUTTUOSO,207.0
BORZOLI OVEST,RIVAROLO,207.0
RIVAROLO,BORZOLI OVEST,207.0
STURLA,QUARTO,206.0
QUARTO,STURLA,206.0
MULTEDO,DORIA,205.0
DORIA,MULTEDO,205.0
QUARTO,ANGELI,204.0
ANGELI,QUARTO,204.0
BEGATO,CAMPASSO,202.0
CAMPASSO,BEGATO,202.0
CAMPASSO,CARIGNANO,202.0
CARIGNANO,CAMPASSO,202.0
MOLO,S.QUIRICO,200.0
S.QUIRICO,MOLO,200.0
S.DESIDERIO,BORGORATTI,199.0
BORGORATTI,S.DESIDERIO,199.0
BORGORATTI,FOCE,198.0
SAMPIERDARENA,CARIGNANO,198.0
CARIGNANO,SAMPIERDARENA,198.0
FOCE,BORGORATTI,198.0
BRIGNOLE,FEREGGIANO,198.0
FEREGGIANO,BRIGNOLE,198.0
S.VINCENZO,S.PANTALEO,197.0
S.PANTALEO,S.VINCENZO,197.0
MOLASSANA,CAMPI,197.0
CAMPI,MOLASSANA,197.0
SAMPIERDARENA,MANIN,196.0
ANGELI,CASTELLETTO,196.0
MADDALENA,CASTELLETTO,196.0
CASTELLETTO,ANGELI,196.0
CASTELLETTO,MADDALENA,196.0
MANIN,SAMPIERDARENA,196.0
S.VINCENZO,APPARIZIONE,196.0
APPARIZIONE,S.VINCENZO,196.0
MANIN,FEREGGIANO,195.0
FEREGGIANO,MANIN,195.0
S.AGATA,CALCINARA,194.0
CALCINARA,S.AGATA,194.0
QUARTO,OREGINA,193.0
OREGINA,CASTELLETTO,193.0
OREGINA,QUARTO,193.0
S.NICOLA,CARIGNANO,193.0
S.NICOLA,BRIGNOLE,193.0
CASTELLETTO,OREGINA,193.0
CARIGNANO,S.NICOLA,193.0
BRIGNOLE,S.NICOLA,193.0
MOLO,MULTEDO,192.0
S.VINCENZO,CREVARI,192.0
FOCE,BORZOLI EST,192.0
CREVARI,S.VINCENZO,192.0
MULTEDO,MOLO,192.0
BORZOLI EST,FOCE,192.0
RIVAROLO,RIVAROLO,192.0
RIVAROLO,CAMPI,192.0
RIVAROLO,SAMPIERDARENA,192.0
CAMPI,RIVAROLO,192.0
SAMPIERDARENA,RIVAROLO,192.0
CALCINARA,MONTESIGNANO,190.0
SAMPIERDARENA,S.GIULIANO,190.0
MONTESIGNANO,CALCINARA,190.0
S.GIULIANO,SAMPIERDARENA,190.0
S.GIULIANO,PUGGIA,190.0
PUGGIA,S.GIULIANO,190.0
QUARTARA,PRE',189.0
QUARTARA,MOLO,189.0
VOLTRI,ANGELI,189.0
ANGELI,VOLTRI,189.0
PRE',QUARTARA,189.0
MOLO,MANIN,189.0
MOLO,QUARTARA,189.0
MANIN,MOLO,189.0
BRIGNOLE,FORTE QUEZZI,189.0
S.FRUTTUOSO,FORTE QUEZZI,189.0
FORTE QUEZZI,BRIGNOLE,189.0
FORTE QUEZZI,S.FRUTTUOSO,189.0
MADDALENA,PONTEDECIMO,188.0
S.FRUTTUOSO,LIDO,188.0
S.FRUTTUOSO,QUINTO,188.0
QUEZZI,CORNIGLIANO,188.0
LIDO,S.FRUTTUOSO,188.0
CASTAGNA,QUINTO,188.0
QUINTO,S.FRUTTUOSO,188.0
QUINTO,CASTAGNA,188.0
PONTEDECIMO,ANGELI,188.0
PONTEDECIMO,MADDALENA,188.0
CORNIGLIANO,QUEZZI,188.0
ANGELI,PONTEDECIMO,188.0
CERTOSA,S.FRUTTUOSO,187.0
S.FRUTTUOSO,CERTOSA,187.0
QUEZZI,QUARTO,187.0
QUARTO,QUEZZI,187.0
ALBARO,DORIA,186.0
PRE',S.AGATA,186.0
PRE',DORIA,186.0
S.AGATA,PRE',186.0
DORIA,PRE',186.0
DORIA,ALBARO,186.0
MOLASSANA,BEGATO,185.0
PALMARO,PEGLI,185.0
PEGLI,PALMARO,185.0
BEGATO,S.TEODORO,185.0
BEGATO,MOLASSANA,185.0
S.TEODORO,BEGATO,185.0
SESTRI,LAGACCIO,184.0
ANGELI,CARIGNANO,184.0
LAGACCIO,SESTRI,184.0
LAGACCIO,LAGACCIO,184.0
CARIGNANO,ANGELI,184.0
BORZOLI OVEST,TEGLIA,180.0
BORZOLI OVEST,NERVI,180.0
TEGLIA,BORZOLI OVEST,180.0
NERVI,BORZOLI OVEST,180.0
S.MARTINO,S.PANTALEO,179.0
S.PANTALEO,S.MARTINO,179.0
PRE',MOLASSANA,177.0
CARIGNANO,MOLASSANA,177.0
MOLASSANA,PRE',177.0
MOLASSANA,CARIGNANO,177.0
S.NICOLA,ANGELI,176.0
S.FRUTTUOSO,PRA',176.0
NERVI,PRA',176.0
PRA',S.GAETANO,176.0
PRA',S.TEODORO,176.0
PRA',S.FRUTTUOSO,176.0
PRA',NERVI,176.0
S.GAETANO,PRA',176.0
S.GAETANO,BELVEDERE,176.0
BELVEDERE,S.GAETANO,176.0
ANGELI,S.NICOLA,176.0
S.TEODORO,PRA',176.0
PONTEDECIMO,PRATO,175.0
PRATO,PONTEDECIMO,175.0
OREGINA,CALCINARA,174.0
S.VINCENZO,S.BARTOLOMEO,174.0
CALCINARA,OREGINA,174.0
S.BARTOLOMEO,S.VINCENZO,174.0
S.VINCENZO,QUINTO,173.0
S.GIULIANO,QUINTO,173.0
QUINTO,S.VINCENZO,173.0
QUINTO,S.GIULIANO,173.0
MOLO,S.AGATA,172.0
S.AGATA,MOLO,172.0
CARIGNANO,ALBARO,171.0
PARENZO,S.GAETANO,171.0
MONTESIGNANO,CA NUOVA,171.0
CA NUOVA,BOLZANETO,171.0
CA NUOVA,S.QUIRICO,171.0
CA NUOVA,MONTESIGNANO,171.0
BOLZANETO,CA NUOVA,171.0
S.QUIRICO,CA NUOVA,171.0
PONTEDECIMO,CORNIGLIANO,171.0
CORNIGLIANO,PONTEDECIMO,171.0
S.GAETANO,PARENZO,171.0
ALBARO,CARIGNANO,171.0
DORIA,PRATO,170.0
PRATO,DORIA,170.0
OREGINA,QUEZZI,169.0
PRE',PONTEDECIMO,169.0
CARIGNANO,QUEZZI,169.0
QUEZZI,OREGINA,169.0
QUEZZI,CARIGNANO,169.0
CASTAGNA,CASTELLUCCIO,169.0
CASTELLUCCIO,CASTAGNA,169.0
PONTEDECIMO,PRE',169.0
RIVAROLO,BELVEDERE,168.0
BELVEDERE,RIVAROLO,168.0
ANGELI,QUARTARA,168.0
QUARTARA,ANGELI,168.0
S.FRUTTUOSO,RIVAROLO,167.0
RIVAROLO,S.FRUTTUOSO,167.0
SESTRI,CARIGNANO,165.0
SESTRI,STURLA,165.0
STURLA,SESTRI,165.0
CARIGNANO,SESTRI,165.0
S.FRUTTUOSO,PRATO,164.0
PRATO,S.FRUTTUOSO,164.0
SESTRI,ANGELI,164.0
ANGELI,SESTRI,164.0
TEGLIA,BELVEDERE,163.0
TEGLIA,ALBARO,163.0
BELVEDERE,TEGLIA,163.0
ALBARO,TEGLIA,163.0
S.MARTINO,CAMPASSO,162.0
ALBARO,CAMPASSO,162.0
NERVI,CAMPASSO,162.0
PRE',MADDALENA,162.0
MADDALENA,PRE',162.0
CARIGNANO,MONTESIGNANO,162.0
PARENZO,CAMPASSO,162.0
MONTESIGNANO,CARIGNANO,162.0
SESTRI,CAMPASSO,162.0
CORNIGLIANO,CAMPASSO,162.0
CAMPASSO,SESTRI,162.0
CAMPASSO,CORNIGLIANO,162.0
CAMPASSO,PARENZO,162.0
CAMPASSO,S.MARTINO,162.0
CAMPASSO,ALBARO,162.0
CAMPASSO,NERVI,162.0
CERTOSA,MADDALENA,161.0
SAMPIERDARENA,LIDO,161.0
LIDO,SAMPIERDARENA,161.0
MADDALENA,CERTOSA,161.0
MOLO,S.TEODORO,160.0
MOLO,MARASSI,160.0
MARASSI,BORZOLI EST,160.0
MARASSI,CERTOSA,160.0
MARASSI,MOLO,160.0
BORZOLI EST,MARASSI,160.0
CERTOSA,MARASSI,160.0
CAMPI,S.TEODORO,160.0
S.TEODORO,CAMPI,160.0
S.TEODORO,MOLO,160.0
S.TEODORO,PARENZO,159.0
MOLO,S.EUSEBIO,159.0
S.VINCENZO,S.EUSEBIO,159.0
PARENZO,S.TEODORO,159.0
S.EUSEBIO,MOLO,159.0
S.EUSEBIO,S.VINCENZO,159.0
PRE',FEREGGIANO,158.0
MOLO,FEREGGIANO,158.0
FEREGGIANO,S.QUIRICO,158.0
FEREGGIANO,PRE',158.0
FEREGGIANO,MOLO,158.0
BOLZANETO,ANGELI,158.0
S.QUIRICO,FEREGGIANO,158.0
ANGELI,BOLZANETO,158.0
S.GAETANO,ANGELI,157.0
SAMPIERDARENA,CASTELLETTO,157.0
ANGELI,S.GAETANO,157.0
CASTELLETTO,SAMPIERDARENA,157.0
S.PANTALEO,S.EUSEBIO,157.0
S.EUSEBIO,S.PANTALEO,157.0
OREGINA,PEGLI,156.0
PRATO,CALCINARA,156.0
PRATO,QUARTO,156.0
PEGLI,OREGINA,156.0
CALCINARA,PRATO,156.0
S.GIULIANO,S.GIULIANO,156.0
QUARTO,PRATO,156.0
OREGINA,BELVEDERE,155.0
OREGINA,MOLASSANA,155.0
PARENZO,CORNIGLIANO,155.0
PARENZO,CAMPI,155.0
MOLASSANA,OREGINA,155.0
CORNIGLIANO,PARENZO,155.0
CAMPI,PARENZO,155.0
BELVEDERE,OREGINA,155.0
CREVARI,MOLO,154.0
VOLTRI,S.NICOLA,154.0
MULTEDO,S.VINCENZO,154.0
CASTAGNA,S.NICOLA,154.0
MADDALENA,S.NICOLA,154.0
MOLO,CREVARI,154.0
S.NICOLA,VOLTRI,154.0
S.NICOLA,MADDALENA,154.0
S.NICOLA,FOCE,154.0
S.NICOLA,CASTAGNA,154.0
S.VINCENZO,MULTEDO,154.0
FOCE,S.NICOLA,154.0
MOLO,S.GAETANO,152.0
CARIGNANO,S.AGATA,152.0
S.AGATA,CARIGNANO,152.0
MONTESIGNANO,SAMPIERDARENA,152.0
MONTESIGNANO,PUGGIA,152.0
CALCINARA,ALBARO,152.0
S.GAETANO,S.GAETANO,152.0
S.GAETANO,MOLO,152.0
SAMPIERDARENA,MONTESIGNANO,152.0
SAMPIERDARENA,ALBARO,152.0
BORGORATTI,ALBARO,152.0
ALBARO,CALCINARA,152.0
ALBARO,SAMPIERDARENA,152.0
ALBARO,BORGORATTI,152.0
ALBARO,LIDO,152.0
ALBARO,NERVI,152.0
LIDO,ALBARO,152.0
PUGGIA,MONTESIGNANO,152.0
NERVI,ALBARO,152.0
BORGORATTI,S.GAETANO,151.0
BORGORATTI,S.NICOLA,151.0
BORGORATTI,S.GIULIANO,151.0
BORGORATTI,QUARTO,151.0
ALBARO,FORTE QUEZZI,151.0
S.GIULIANO,BORGORATTI,151.0
QUARTO,BORGORATTI,151.0
NERVI,FORTE QUEZZI,151.0
S.NICOLA,BORGORATTI,151.0
MANIN,PONTEDECIMO,151.0
FORTE QUEZZI,ALBARO,151.0
FORTE QUEZZI,NERVI,151.0
MOLASSANA,PONTEDECIMO,151.0
SESTRI,PONTEDECIMO,151.0
PONTEDECIMO,SESTRI,151.0
PONTEDECIMO,MANIN,151.0
PONTEDECIMO,MOLASSANA,151.0
S.GAETANO,BORGORATTI,151.0
BORZOLI OVEST,LAGACCIO,150.0
MOREGO,QUEZZI,150.0
CAMPI,BRIGNOLE,150.0
S.GAETANO,QUEZZI,150.0
LAGACCIO,BORZOLI OVEST,150.0
LIDO,QUEZZI,150.0
STURLA,QUEZZI,150.0
CASTAGNA,MARASSI,150.0
BRIGNOLE,CAMPI,150.0
QUEZZI,MOREGO,150.0
QUEZZI,S.GAETANO,150.0
QUEZZI,BAVARI,150.0
QUEZZI,LIDO,150.0
QUEZZI,STURLA,150.0
MARASSI,CASTAGNA,150.0
BAVARI,QUEZZI,150.0
PRE',ANGELI,149.0
S.VINCENZO,S.AGATA,149.0
CARIGNANO,CARIGNANO,149.0
S.AGATA,CERTOSA,149.0
S.AGATA,S.VINCENZO,149.0
CERTOSA,S.AGATA,149.0
ANGELI,PRE',149.0
VOLTRI,TEGLIA,148.0
VOLTRI,S.TEODORO,148.0
VOLTRI,BRIGNOLE,148.0
VOLTRI,S.GIULIANO,148.0
VOLTRI,LIDO,148.0
TEGLIA,VOLTRI,148.0
S.TEODORO,VOLTRI,148.0
BRIGNOLE,VOLTRI,148.0
S.GIULIANO,VOLTRI,148.0
LIDO,VOLTRI,148.0
PALMARO,PALMARO,145.0
PALMARO,S.GIOVANNI BATTISTA,145.0
PALMARO,TEGLIA,145.0
PALMARO,S.QUIRICO,145.0
PALMARO,CORNIGLIANO,145.0
PALMARO,MADDALENA,145.0
PALMARO,PARENZO,145.0
S.GIOVANNI BATTISTA,PALMARO,145.0
TEGLIA,PALMARO,145.0
S.QUIRICO,PALMARO,145.0
CORNIGLIANO,PALMARO,145.0
CORNIGLIANO,PRE',145.0
PRE',CORNIGLIANO,145.0
MADDALENA,PALMARO,145.0
PARENZO,PALMARO,145.0
QUEZZI,S.PANTALEO,144.0
S.PANTALEO,QUEZZI,144.0
S.PANTALEO,PRATO,144.0
S.PANTALEO,ALBARO,144.0
PRATO,S.PANTALEO,144.0
ALBARO,S.PANTALEO,144.0
PEGLI,CORNIGLIANO,144.0
CORNIGLIANO,PEGLI,144.0
PARENZO,S.EUSEBIO,143.0
S.EUSEBIO,PARENZO,143.0
PRE',PRE',142.0
PARENZO,NERVI,142.0
NERVI,PARENZO,142.0
VOLTRI,CAMPASSO,141.0
CAMPASSO,VOLTRI,141.0
PEGLI,BRIGNOLE,140.0
CAMPASSO,MARASSI,140.0
S.MARTINO,FOCE,140.0
S.GIULIANO,MADDALENA,140.0
MADDALENA,S.GIULIANO,140.0
FOCE,S.MARTINO,140.0
BRIGNOLE,PEGLI,140.0
MARASSI,CAMPASSO,140.0
PRE',MOLO,139.0
MADDALENA,CASTELLUCCIO,139.0
MOLO,PRE',139.0
DORIA,S.MARTINO,139.0
PALMARO,CASTELLUCCIO,139.0
CASTELLUCCIO,PALMARO,139.0
CASTELLUCCIO,SESTRI,139.0
CASTELLUCCIO,MADDALENA,139.0
SESTRI,CASTELLUCCIO,139.0
CERTOSA,BOLZANETO,139.0
BOLZANETO,CERTOSA,139.0
S.MARTINO,DORIA,139.0
MANIN,LAGACCIO,138.0
MOLASSANA,SAMPIERDARENA,138.0
BORZOLI EST,LAGACCIO,138.0
SAMPIERDARENA,MOLASSANA,138.0
LAGACCIO,BORZOLI EST,138.0
LAGACCIO,MANIN,138.0
CAMPI,CASTELLETTO,137.0
S.MARTINO,S.GIULIANO,137.0
S.GIULIANO,S.MARTINO,137.0
CASTELLETTO,CAMPI,137.0
OREGINA,CAMPASSO,136.0
BOLZANETO,S.GAETANO,136.0
CAMPASSO,OREGINA,136.0
S.GAETANO,BOLZANETO,136.0
CALCINARA,STURLA,135.0
OREGINA,MARASSI,135.0
S.NICOLA,S.MARTINO,135.0
S.NICOLA,ALBARO,135.0
MARASSI,OREGINA,135.0
S.MARTINO,S.NICOLA,135.0
ALBARO,S.NICOLA,135.0
STURLA,CALCINARA,135.0
MOREGO,MOLO,133.0
OREGINA,S.AGATA,133.0
MADDALENA,CARIGNANO,133.0
MOLO,MOREGO,133.0
CARIGNANO,MADDALENA,133.0
S.AGATA,OREGINA,133.0
BRIGNOLE,PRA',132.0
BRIGNOLE,BORGORATTI,132.0
FORTE QUEZZI,S.MARTINO,132.0
MOLASSANA,CASTAGNA,132.0
BORGORATTI,BRIGNOLE,132.0
S.MARTINO,FORTE QUEZZI,132.0
CASTAGNA,CORNIGLIANO,132.0
CASTAGNA,MOLASSANA,132.0
PRA',BRIGNOLE,132.0
CORNIGLIANO,CASTAGNA,132.0
S.QUIRICO,MANIN,131.0
CAMPI,MANIN,131.0
MANIN,S.QUIRICO,131.0
MANIN,CAMPI,131.0
BRIGNOLE,APPARIZIONE,131.0
APPARIZIONE,BRIGNOLE,131.0
APPARIZIONE,CHIAPPETO,131.0
APPARIZIONE,STURLA,131.0
CHIAPPETO,APPARIZIONE,131.0
STURLA,APPARIZIONE,131.0
BOLZANETO,CAMPI,130.0
CORNIGLIANO,S.BARTOLOMEO,130.0
CAMPI,BOLZANETO,130.0
BELVEDERE,S.BARTOLOMEO,130.0
S.BARTOLOMEO,CORNIGLIANO,130.0
S.BARTOLOMEO,BELVEDERE,130.0
MOLO,CARIGNANO,130.0
CARIGNANO,MOLO,130.0
CARIGNANO,FOCE,130.0
FOCE,CARIGNANO,130.0
BRIGNOLE,DORIA,130.0
DORIA,BRIGNOLE,130.0
CERTOSA,CAMPI,129.0
CAMPI,CERTOSA,129.0
SAMPIERDARENA,S.EUSEBIO,127.0
S.EUSEBIO,SAMPIERDARENA,127.0
PRE',S.TEODORO,126.0
S.AGATA,PARENZO,126.0
MARASSI,LIDO,126.0
PARENZO,S.AGATA,126.0
LIDO,MARASSI,126.0
S.TEODORO,PRE',126.0
S.QUIRICO,CARIGNANO,125.0
CARIGNANO,S.QUIRICO,125.0
CASTELLETTO,S.FRUTTUOSO,123.0
S.FRUTTUOSO,CASTELLETTO,123.0
MOLASSANA,ANGELI,123.0
S.QUIRICO,ANGELI,123.0
ANGELI,S.QUIRICO,123.0
ANGELI,MOLASSANA,123.0
CALCINARA,BORZOLI OVEST,122.0
BORZOLI OVEST,CALCINARA,122.0
CORNIGLIANO,NERVI,122.0
CARIGNANO,S.MARTINO,122.0
S.MARTINO,CARIGNANO,122.0
NERVI,CORNIGLIANO,122.0
NERVI,MARASSI,121.0
PRA',CORNIGLIANO,121.0
CERTOSA,ANGELI,121.0
CORNIGLIANO,PRA',121.0
ANGELI,CERTOSA,121.0
S.TEODORO,S.FRUTTUOSO,121.0
S.FRUTTUOSO,S.TEODORO,121.0
MARASSI,NERVI,121.0
MANIN,NERVI,119.0
FEREGGIANO,S.GIULIANO,119.0
S.GIULIANO,FEREGGIANO,119.0
NERVI,MANIN,119.0
ALBARO,CASTELLETTO,118.0
ALBARO,S.DESIDERIO,118.0
CASTELLETTO,TEGLIA,118.0
CASTELLETTO,FOCE,118.0
CASTELLETTO,ALBARO,118.0
FOCE,CASTELLETTO,118.0
S.DESIDERIO,ALBARO,118.0
TEGLIA,CASTELLETTO,118.0
BORZOLI EST,MOREGO,117.0
TEGLIA,MOREGO,117.0
BOLZANETO,CASTAGNA,117.0
MOREGO,BORZOLI EST,117.0
MOREGO,TEGLIA,117.0
MOREGO,PONTEDECIMO,117.0
MOREGO,S.GAETANO,117.0
MOREGO,SAMPIERDARENA,117.0
MOREGO,CARIGNANO,117.0
MOREGO,ALBARO,117.0
PONTEDECIMO,MOREGO,117.0
S.GAETANO,MOREGO,117.0
SAMPIERDARENA,MOREGO,117.0
ALBARO,MOREGO,117.0
CASTAGNA,BOLZANETO,117.0
CARIGNANO,MOREGO,117.0
CASTELLETTO,PARENZO,116.0
S.VINCENZO,FOCE,116.0
FOCE,S.VINCENZO,116.0
PARENZO,S.QUIRICO,116.0
PARENZO,CASTELLETTO,116.0
S.QUIRICO,PARENZO,116.0
MULTEDO,CORNIGLIANO,115.0
MULTEDO,CARIGNANO,115.0
S.QUIRICO,LAGACCIO,115.0
CORNIGLIANO,MULTEDO,115.0
LAGACCIO,S.QUIRICO,115.0
CARIGNANO,MULTEDO,115.0
MADDALENA,MONTESIGNANO,114.0
CARIGNANO,S.GAETANO,114.0
MONTESIGNANO,MADDALENA,114.0
PRATO,ALBARO,114.0
S.GAETANO,CARIGNANO,114.0
CHIAPPETO,S.GIULIANO,114.0
CHIAPPETO,STURLA,114.0
ALBARO,PRATO,114.0
ALBARO,PUGGIA,114.0
S.GIULIANO,CHIAPPETO,114.0
PUGGIA,ALBARO,114.0
STURLA,CHIAPPETO,114.0
BORGORATTI,CORNIGLIANO,113.0
S.MARTINO,PONTEDECIMO,113.0
CASTAGNA,PARENZO,113.0
QUEZZI,S.QUIRICO,113.0
QUEZZI,FEREGGIANO,113.0
QUEZZI,FORTE QUEZZI,113.0
FEREGGIANO,QUEZZI,113.0
FORTE QUEZZI,QUEZZI,113.0
PARENZO,CASTAGNA,113.0
S.QUIRICO,QUEZZI,113.0
PONTEDECIMO,S.MARTINO,113.0
CORNIGLIANO,BORGORATTI,113.0
CHIAPPETO,QUARTO,112.0
QUARTO,CHIAPPETO,112.0
S.AGATA,MONTESIGNANO,112.0
MONTESIGNANO,S.AGATA,112.0
CASTELLUCCIO,ANGELI,111.0
ANGELI,CASTELLUCCIO,111.0
BORZOLI OVEST,MONTESIGNANO,105.0
MONTESIGNANO,BORZOLI OVEST,105.0
MADDALENA,S.FRUTTUOSO,104.0
S.FRUTTUOSO,MADDALENA,104.0
S.FRUTTUOSO,PEGLI,103.0
PEGLI,S.FRUTTUOSO,103.0
SESTRI,BORZOLI EST,103.0
S.GIOVANNI BATTISTA,ANGELI,103.0
BORZOLI EST,SESTRI,103.0
ANGELI,S.GIOVANNI BATTISTA,103.0
BORZOLI EST,ANGELI,102.0
S.QUIRICO,NERVI,102.0
CORNIGLIANO,S.MARTINO,102.0
ANGELI,BORZOLI EST,102.0
S.FRUTTUOSO,NERVI,102.0
S.MARTINO,CORNIGLIANO,102.0
NERVI,S.QUIRICO,102.0
NERVI,S.FRUTTUOSO,102.0
CHIAPPETO,S.FRUTTUOSO,101.0
PEGLI,CARIGNANO,101.0
CAMPI,MOLO,101.0
CAMPASSO,S.AGATA,101.0
MOLO,CAMPI,101.0
CARIGNANO,PEGLI,101.0
BRIGNOLE,MARASSI,101.0
S.AGATA,CAMPASSO,101.0
S.FRUTTUOSO,CHIAPPETO,101.0
MARASSI,BRIGNOLE,101.0
MARASSI,MARASSI,100.0
S.MARTINO,CERTOSA,100.0
PEGLI,CERTOSA,100.0
CERTOSA,PEGLI,100.0
CERTOSA,S.MARTINO,100.0
PEGLI,BOLZANETO,99.0
CERTOSA,S.GAETANO,99.0
CERTOSA,QUARTO,99.0
BOLZANETO,PEGLI,99.0
S.GAETANO,CERTOSA,99.0
MONTESIGNANO,STURLA,99.0
STURLA,MONTESIGNANO,99.0
QUARTO,CERTOSA,99.0
STURLA,CASTAGNA,98.0
CASTAGNA,STURLA,98.0
NERVI,CASTELLETTO,98.0
CORNIGLIANO,CASTELLETTO,98.0
PRE',CASTELLETTO,98.0
MADDALENA,APPARIZIONE,98.0
MOLO,APPARIZIONE,98.0
CASTELLETTO,CORNIGLIANO,98.0
CASTELLETTO,PRE',98.0
CASTELLETTO,S.PANTALEO,98.0
CASTELLETTO,MONTESIGNANO,98.0
CASTELLETTO,NERVI,98.0
FEREGGIANO,MONTESIGNANO,98.0
S.PANTALEO,CASTELLETTO,98.0
MONTESIGNANO,CASTELLETTO,98.0
MONTESIGNANO,FEREGGIANO,98.0
APPARIZIONE,MADDALENA,98.0
APPARIZIONE,MOLO,98.0
OREGINA,SESTRI,97.0
OREGINA,BRIGNOLE,97.0
BRIGNOLE,S.GAETANO,97.0
BRIGNOLE,OREGINA,97.0
PARENZO,ALBARO,97.0
PARENZO,LIDO,97.0
S.MARTINO,SAMPIERDARENA,97.0
ALBARO,PARENZO,97.0
LIDO,PARENZO,97.0
SESTRI,OREGINA,97.0
S.GAETANO,BRIGNOLE,97.0
SAMPIERDARENA,S.MARTINO,97.0
VOLTRI,MULTEDO,96.0
MULTEDO,VOLTRI,96.0
SESTRI,RIVAROLO,96.0
BORZOLI EST,BORZOLI EST,96.0
BORZOLI EST,RIVAROLO,96.0
BORZOLI EST,S.GAETANO,96.0
RIVAROLO,SESTRI,96.0
RIVAROLO,BORZOLI EST,96.0
RIVAROLO,CARIGNANO,96.0
RIVAROLO,S.MARTINO,96.0
RIVAROLO,QUARTO,96.0
S.GAETANO,BORZOLI EST,96.0
MOLO,S.NICOLA,96.0
S.NICOLA,MOLO,96.0
CARIGNANO,RIVAROLO,96.0
S.MARTINO,RIVAROLO,96.0
QUARTO,RIVAROLO,96.0
BORGORATTI,CHIAPPETO,95.0
CHIAPPETO,BORGORATTI,95.0
ALBARO,MONTESIGNANO,95.0
ALBARO,ALBARO,95.0
S.GIULIANO,S.GAETANO,95.0
LIDO,PUGGIA,95.0
PUGGIA,LIDO,95.0
NERVI,MONTESIGNANO,95.0
BOLZANETO,MONTESIGNANO,95.0
S.GAETANO,S.GIULIANO,95.0
MONTESIGNANO,BOLZANETO,95.0
MONTESIGNANO,ALBARO,95.0
MONTESIGNANO,NERVI,95.0
S.EUSEBIO,MOLASSANA,95.0
MOLASSANA,S.EUSEBIO,95.0
PRE',BORGORATTI,94.0
PRE',CASTAGNA,94.0
FOCE,FORTE QUEZZI,94.0
S.AGATA,S.GAETANO,94.0
FORTE QUEZZI,MOREGO,94.0
FORTE QUEZZI,S.QUIRICO,94.0
FORTE QUEZZI,PONTEDECIMO,94.0
FORTE QUEZZI,FOCE,94.0
BAVARI,STURLA,94.0
BORGORATTI,PRE',94.0
LIDO,CASTAGNA,94.0
STURLA,PONTEDECIMO,94.0
STURLA,BAVARI,94.0
CASTAGNA,PRE',94.0
CASTAGNA,LIDO,94.0
MOREGO,FORTE QUEZZI,94.0
S.QUIRICO,FORTE QUEZZI,94.0
PONTEDECIMO,FORTE QUEZZI,94.0
PONTEDECIMO,STURLA,94.0
S.GAETANO,S.AGATA,94.0
S.GIOVANNI BATTISTA,FOCE,93.0
BEGATO,CAMPI,93.0
BEGATO,SAMPIERDARENA,93.0
BEGATO,MADDALENA,93.0
CAMPI,BEGATO,93.0
CAMPI,QUARTO,93.0
SAMPIERDARENA,BEGATO,93.0
S.TEODORO,QUARTARA,93.0
PRE',QUARTO,93.0
MADDALENA,BEGATO,93.0
FOCE,S.GIOVANNI BATTISTA,93.0
S.AGATA,S.AGATA,93.0
S.AGATA,PUGGIA,93.0
PUGGIA,S.AGATA,93.0
QUARTO,CAMPI,93.0
QUARTO,PRE',93.0
QUARTARA,S.TEODORO,93.0
BELVEDERE,LAGACCIO,92.0
LAGACCIO,BELVEDERE,92.0
LAGACCIO,CASTELLETTO,92.0
CASTELLETTO,LAGACCIO,92.0
PARENZO,S.PANTALEO,91.0
S.PANTALEO,PARENZO,91.0
MOLO,S.PANTALEO,90.0
S.VINCENZO,BORZOLI OVEST,90.0
S.PANTALEO,MOLO,90.0
BORZOLI OVEST,S.VINCENZO,90.0
PRA',CASTELLETTO,88.0
SAMPIERDARENA,MADDALENA,88.0
MADDALENA,SAMPIERDARENA,88.0
CASTELLETTO,PRA',88.0
MADDALENA,S.BARTOLOMEO,87.0
MOLO,S.BARTOLOMEO,87.0
S.MARTINO,S.BARTOLOMEO,87.0
VOLTRI,S.BARTOLOMEO,87.0
S.QUIRICO,S.BARTOLOMEO,87.0
S.BARTOLOMEO,VOLTRI,87.0
S.BARTOLOMEO,S.QUIRICO,87.0
S.BARTOLOMEO,S.TEODORO,87.0
S.BARTOLOMEO,MADDALENA,87.0
S.BARTOLOMEO,MOLO,87.0
S.BARTOLOMEO,S.MARTINO,87.0
S.TEODORO,S.BARTOLOMEO,87.0
CORNIGLIANO,ANGELI,86.0
BELVEDERE,MADDALENA,86.0
ANGELI,CORNIGLIANO,86.0
MADDALENA,BELVEDERE,86.0
FOCE,MOLASSANA,86.0
BRIGNOLE,BRIGNOLE,86.0
MOLASSANA,FOCE,86.0
PRA',TEGLIA,85.0
TEGLIA,PRA',85.0
CORNIGLIANO,CARIGNANO,84.0
PRE',MANIN,84.0
PRE',S.FRUTTUOSO,84.0
MANIN,PRE',84.0
CARIGNANO,CORNIGLIANO,84.0
S.FRUTTUOSO,PRE',84.0
S.FRUTTUOSO,QUARTARA,84.0
QUARTARA,S.FRUTTUOSO,84.0
PEGLI,S.BARTOLOMEO,83.0
S.GIOVANNI BATTISTA,BORZOLI OVEST,83.0
S.GIOVANNI BATTISTA,RIVAROLO,83.0
S.GIOVANNI BATTISTA,MOREGO,83.0
S.GIOVANNI BATTISTA,BRIGNOLE,83.0
S.GIOVANNI BATTISTA,BORGORATTI,83.0
BORZOLI OVEST,S.GIOVANNI BATTISTA,83.0
RIVAROLO,S.GIOVANNI BATTISTA,83.0
MOREGO,S.GIOVANNI BATTISTA,83.0
S.QUIRICO,CORNIGLIANO,83.0
CORNIGLIANO,S.QUIRICO,83.0
S.BARTOLOMEO,PEGLI,83.0
BRIGNOLE,S.GIOVANNI BATTISTA,83.0
BORGORATTI,S.GIOVANNI BATTISTA,83.0
PRE',SESTRI,82.0
S.NICOLA,NERVI,82.0
FEREGGIANO,ANGELI,82.0
BAVARI,BAVARI,82.0
PUGGIA,NERVI,82.0
NERVI,ANGELI,82.0
NERVI,S.NICOLA,82.0
NERVI,PUGGIA,82.0
SESTRI,S.GAETANO,82.0
SESTRI,S.BARTOLOMEO,82.0
SESTRI,PRE',82.0
S.GAETANO,SESTRI,82.0
S.BARTOLOMEO,SESTRI,82.0
ANGELI,FEREGGIANO,82.0
ANGELI,NERVI,82.0
PEGLI,ANGELI,81.0
TEGLIA,CAMPASSO,81.0
TEGLIA,OREGINA,81.0
CAMPASSO,TEGLIA,81.0
CAMPASSO,S.BARTOLOMEO,81.0
CAMPASSO,MOLASSANA,81.0
S.BARTOLOMEO,CAMPASSO,81.0
ANGELI,PEGLI,81.0
OREGINA,TEGLIA,81.0
S.FRUTTUOSO,S.GIULIANO,81.0
MOLASSANA,CAMPASSO,81.0
S.GIULIANO,S.FRUTTUOSO,81.0
PEGLI,PRE',80.0
CALCINARA,CERTOSA,80.0
CERTOSA,CALCINARA,80.0
CERTOSA,BELVEDERE,80.0
TEGLIA,S.VINCENZO,80.0
BELVEDERE,CERTOSA,80.0
S.TEODORO,MONTESIGNANO,80.0
PRE',PEGLI,80.0
S.VINCENZO,TEGLIA,80.0
FOCE,MARASSI,80.0
BRIGNOLE,S.EUSEBIO,80.0
S.FRUTTUOSO,MONTESIGNANO,80.0
MARASSI,FOCE,80.0
MONTESIGNANO,S.TEODORO,80.0
MONTESIGNANO,S.FRUTTUOSO,80.0
S.EUSEBIO,BRIGNOLE,80.0
CASTELLETTO,MOREGO,79.0
FEREGGIANO,S.MARTINO,79.0
MOLASSANA,VOLTRI,79.0
S.MARTINO,FEREGGIANO,79.0
QUARTARA,CASTAGNA,79.0
CASTAGNA,QUARTARA,79.0
VOLTRI,MOLASSANA,79.0
CALCINARA,BOLZANETO,79.0
BOLZANETO,CALCINARA,79.0
MOREGO,CASTELLETTO,79.0
PEGLI,PONTEDECIMO,78.0
BORZOLI EST,PRATO,78.0
PONTEDECIMO,PEGLI,78.0
S.GAETANO,S.TEODORO,78.0
S.TEODORO,S.GAETANO,78.0
PARENZO,PRATO,78.0
PRATO,BORZOLI EST,78.0
PRATO,PARENZO,78.0
OREGINA,BORZOLI OVEST,77.0
OREGINA,MOREGO,77.0
OREGINA,S.QUIRICO,77.0
OREGINA,S.GAETANO,77.0
OREGINA,CARIGNANO,77.0
OREGINA,MONTESIGNANO,77.0
S.NICOLA,MANIN,77.0
S.NICOLA,MARASSI,77.0
CASTELLETTO,MULTEDO,77.0
MANIN,S.NICOLA,77.0
CARIGNANO,OREGINA,77.0
BRIGNOLE,CALCINARA,77.0
MARASSI,S.NICOLA,77.0
PARENZO,CERTOSA,77.0
MONTESIGNANO,OREGINA,77.0
MULTEDO,CASTELLETTO,77.0
CALCINARA,BORZOLI EST,77.0
CALCINARA,SAMPIERDARENA,77.0
CALCINARA,BELVEDERE,77.0
CALCINARA,BRIGNOLE,77.0
BORZOLI OVEST,OREGINA,77.0
BORZOLI EST,CALCINARA,77.0
CERTOSA,PARENZO,77.0
MOREGO,OREGINA,77.0
S.QUIRICO,OREGINA,77.0
S.GAETANO,OREGINA,77.0
SAMPIERDARENA,CALCINARA,77.0
BELVEDERE,CALCINARA,77.0
S.GIULIANO,NERVI,77.0
STURLA,QUINTO,77.0
QUINTO,STURLA,77.0
NERVI,S.GIULIANO,77.0
ALBARO,S.GAETANO,76.0
LIDO,S.GAETANO,76.0
LIDO,MONTESIGNANO,76.0
QUINTO,S.GAETANO,76.0
MADDALENA,S.GAETANO,76.0
MANIN,PARENZO,76.0
MARASSI,MONTESIGNANO,76.0
PARENZO,MANIN,76.0
MONTESIGNANO,MARASSI,76.0
MONTESIGNANO,LIDO,76.0
S.GAETANO,MADDALENA,76.0
S.GAETANO,ALBARO,76.0
S.GAETANO,LIDO,76.0
S.GAETANO,QUINTO,76.0
SESTRI,QUEZZI,75.0
SESTRI,BORGORATTI,75.0
BORZOLI OVEST,FORTE QUEZZI,75.0
PONTEDECIMO,MOLO,75.0
BORGORATTI,MANIN,75.0
CHIAPPETO,CASTAGNA,75.0
ALBARO,CASTAGNA,75.0
CASTAGNA,CHIAPPETO,75.0
CASTAGNA,ALBARO,75.0
PRE',QUEZZI,75.0
MOLO,PONTEDECIMO,75.0
MANIN,BORGORATTI,75.0
QUEZZI,SESTRI,75.0
QUEZZI,PRE',75.0
FORTE QUEZZI,BORZOLI OVEST,75.0
FORTE QUEZZI,FORTE QUEZZI,75.0
BORGORATTI,SESTRI,75.0
CARIGNANO,VOLTRI,74.0
BORGORATTI,VOLTRI,74.0
VOLTRI,CARIGNANO,74.0
VOLTRI,BORGORATTI,74.0
VOLTRI,S.MARTINO,74.0
VOLTRI,QUARTO,74.0
S.MARTINO,VOLTRI,74.0
QUARTO,VOLTRI,74.0
S.GIULIANO,S.PANTALEO,72.0
BRIGNOLE,PALMARO,72.0
S.PANTALEO,S.GIULIANO,72.0
CREVARI,PALMARO,72.0
PALMARO,CREVARI,72.0
PALMARO,CALCINARA,72.0
PALMARO,BRIGNOLE,72.0
CALCINARA,PALMARO,72.0
BORZOLI OVEST,S.GAETANO,72.0
S.QUIRICO,CAMPASSO,72.0
CAMPASSO,S.QUIRICO,72.0
S.GAETANO,BORZOLI OVEST,72.0
CASTELLUCCIO,CASTELLUCCIO,70.0
CASTELLUCCIO,S.NICOLA,70.0
CASTELLUCCIO,MONTESIGNANO,70.0
CASTELLUCCIO,PRATO,70.0
CASTELLUCCIO,S.MARTINO,70.0
CASTELLUCCIO,S.GIULIANO,70.0
S.MARTINO,CASTELLUCCIO,70.0
S.MARTINO,BAVARI,70.0
S.GIULIANO,CASTELLUCCIO,70.0
S.NICOLA,CASTELLUCCIO,70.0
MONTESIGNANO,CASTELLUCCIO,70.0
PRATO,CASTELLUCCIO,70.0
BAVARI,S.MARTINO,70.0
LAGACCIO,ALBARO,69.0
S.FRUTTUOSO,LAGACCIO,69.0
MONTESIGNANO,LAGACCIO,69.0
S.GAETANO,LAGACCIO,69.0
LAGACCIO,S.GAETANO,69.0
LAGACCIO,S.FRUTTUOSO,69.0
LAGACCIO,MONTESIGNANO,69.0
ALBARO,LAGACCIO,69.0
PRE',BRIGNOLE,68.0
BRIGNOLE,PRE',68.0
MADDALENA,MOLO,67.0
MOLO,MADDALENA,67.0
MADDALENA,BORGORATTI,66.0
BORGORATTI,MADDALENA,66.0
BORGORATTI,APPARIZIONE,65.0
FOCE,APPARIZIONE,65.0
APPARIZIONE,FOCE,65.0
APPARIZIONE,BORGORATTI,65.0
MARASSI,S.EUSEBIO,64.0
S.EUSEBIO,SESTRI,64.0
S.EUSEBIO,MARASSI,64.0
SESTRI,S.EUSEBIO,64.0
ALBARO,QUARTARA,63.0
QUARTARA,ALBARO,63.0
FOCE,S.FRUTTUOSO,63.0
S.FRUTTUOSO,FOCE,63.0
S.FRUTTUOSO,FEREGGIANO,62.0
FEREGGIANO,S.FRUTTUOSO,62.0
VOLTRI,S.GIOVANNI BATTISTA,62.0
S.GIOVANNI BATTISTA,VOLTRI,62.0
SESTRI,CERTOSA,61.0
CERTOSA,SESTRI,61.0
BAVARI,BORGORATTI,61.0
BORGORATTI,BAVARI,61.0
BORZOLI OVEST,BORZOLI EST,60.0
BORZOLI OVEST,S.QUIRICO,60.0
BORZOLI OVEST,PRE',60.0
BORZOLI OVEST,MOLO,60.0
BORZOLI EST,BORZOLI OVEST,60.0
S.QUIRICO,BORZOLI OVEST,60.0
CAMPASSO,S.TEODORO,60.0
S.TEODORO,CAMPASSO,60.0
S.TEODORO,S.PANTALEO,60.0
PRE',BORZOLI OVEST,60.0
MOLO,BORZOLI OVEST,60.0
S.PANTALEO,S.TEODORO,60.0
MANIN,BRIGNOLE,59.0
BRIGNOLE,MANIN,59.0
FEREGGIANO,NERVI,59.0
S.DESIDERIO,STURLA,59.0
STURLA,S.DESIDERIO,59.0
NERVI,FEREGGIANO,59.0
S.GIULIANO,STURLA,58.0
STURLA,S.GIULIANO,58.0
QUEZZI,MULTEDO,58.0
FEREGGIANO,BAVARI,58.0
PARENZO,SESTRI,58.0
BAVARI,FEREGGIANO,58.0
MULTEDO,QUEZZI,58.0
SESTRI,PARENZO,58.0
BEGATO,MOREGO,58.0
MOREGO,BEGATO,58.0
TEGLIA,S.GAETANO,57.0
BOLZANETO,FORTE QUEZZI,57.0
CAMPI,S.GAETANO,57.0
CAMPASSO,S.GAETANO,57.0
S.GAETANO,TEGLIA,57.0
S.GAETANO,CAMPI,57.0
S.GAETANO,CAMPASSO,57.0
S.GAETANO,MONTESIGNANO,57.0
S.GAETANO,QUARTO,57.0
SAMPIERDARENA,FORTE QUEZZI,57.0
ANGELI,S.GIULIANO,57.0
S.MARTINO,MANIN,57.0
ALBARO,QUINTO,57.0
S.GIULIANO,ANGELI,57.0
S.GIULIANO,S.NICOLA,57.0
S.GIULIANO,FORTE QUEZZI,57.0
PUGGIA,MOLO,57.0
QUARTO,S.GAETANO,57.0
QUINTO,ALBARO,57.0
PRE',MONTESIGNANO,57.0
MOLO,PUGGIA,57.0
S.NICOLA,S.AGATA,57.0
S.NICOLA,S.GIULIANO,57.0
MANIN,S.MARTINO,57.0
S.AGATA,S.NICOLA,57.0
FORTE QUEZZI,BOLZANETO,57.0
FORTE QUEZZI,SAMPIERDARENA,57.0
FORTE QUEZZI,S.GIULIANO,57.0
MONTESIGNANO,S.GAETANO,57.0
MONTESIGNANO,PRE',57.0
MADDALENA,MANIN,56.0
MANIN,MADDALENA,56.0
MANIN,MANIN,56.0
MANIN,ALBARO,56.0
PONTEDECIMO,ALBARO,56.0
ALBARO,PONTEDECIMO,56.0
ALBARO,MANIN,56.0
LIDO,STURLA,56.0
STURLA,LIDO,56.0
MADDALENA,MADDALENA,55.0
MADDALENA,S.PANTALEO,54.0
MANIN,S.PANTALEO,54.0
S.PANTALEO,MADDALENA,54.0
S.PANTALEO,MANIN,54.0
CAMPI,SAMPIERDARENA,53.0
SAMPIERDARENA,CAMPI,53.0
MADDALENA,S.DESIDERIO,52.0
S.DESIDERIO,MADDALENA,52.0
MOLASSANA,S.DESIDERIO,49.0
S.DESIDERIO,MOLASSANA,49.0
MADDALENA,S.VINCENZO,48.0
S.VINCENZO,MADDALENA,48.0
S.EUSEBIO,S.GAETANO,48.0
S.GAETANO,S.EUSEBIO,48.0
SESTRI,FOCE,47.0
CERTOSA,FOCE,47.0
SAMPIERDARENA,FOCE,47.0
BELVEDERE,FOCE,47.0
ANGELI,FOCE,47.0
FOCE,SESTRI,47.0
FOCE,CERTOSA,47.0
FOCE,SAMPIERDARENA,47.0
FOCE,BELVEDERE,47.0
FOCE,ANGELI,47.0
LAGACCIO,S.MARTINO,46.0
LAGACCIO,QUARTO,46.0
PRE',BEGATO,46.0
PRE',LAGACCIO,46.0
PRE',ALBARO,46.0
FOCE,LAGACCIO,46.0
S.AGATA,LAGACCIO,46.0
S.AGATA,S.GIULIANO,46.0
MARASSI,LAGACCIO,46.0
S.MARTINO,LAGACCIO,46.0
ALBARO,PRE',46.0
S.GIULIANO,S.AGATA,46.0
QUARTO,LAGACCIO,46.0
NERVI,BEGATO,46.0
VOLTRI,LAGACCIO,46.0
PEGLI,BEGATO,46.0
BEGATO,PEGLI,46.0
BEGATO,PRE',46.0
BEGATO,NERVI,46.0
LAGACCIO,VOLTRI,46.0
LAGACCIO,PRE',46.0
LAGACCIO,FOCE,46.0
LAGACCIO,S.AGATA,46.0
LAGACCIO,MARASSI,46.0
BORZOLI OVEST,SAMPIERDARENA,45.0
BORZOLI OVEST,BRIGNOLE,45.0
BORZOLI OVEST,S.AGATA,45.0
SAMPIERDARENA,BORZOLI OVEST,45.0
BRIGNOLE,BORZOLI OVEST,45.0
S.AGATA,BORZOLI OVEST,45.0
PRE',PRA',44.0
MOLO,PRA',44.0
MOLASSANA,PRA',44.0
PRA',CALCINARA,44.0
PRA',CERTOSA,44.0
PRA',LAGACCIO,44.0
PRA',PRE',44.0
PRA',MOLO,44.0
PRA',MOLASSANA,44.0
CALCINARA,PRA',44.0
CERTOSA,PRA',44.0
LAGACCIO,PRA',44.0
PALMARO,S.BARTOLOMEO,43.0
BORZOLI OVEST,S.BARTOLOMEO,43.0
BELVEDERE,PRE',43.0
BELVEDERE,CARIGNANO,43.0
BELVEDERE,S.MARTINO,43.0
S.BARTOLOMEO,PALMARO,43.0
S.BARTOLOMEO,BORZOLI OVEST,43.0
S.BARTOLOMEO,S.BARTOLOMEO,43.0
S.BARTOLOMEO,MANIN,43.0
S.BARTOLOMEO,BRIGNOLE,43.0
S.BARTOLOMEO,QUEZZI,43.0
S.BARTOLOMEO,FORTE QUEZZI,43.0
S.BARTOLOMEO,PRATO,43.0
S.BARTOLOMEO,NERVI,43.0
PRE',BELVEDERE,43.0
MANIN,S.BARTOLOMEO,43.0
CARIGNANO,BELVEDERE,43.0
BRIGNOLE,S.BARTOLOMEO,43.0
QUEZZI,S.BARTOLOMEO,43.0
FORTE QUEZZI,S.BARTOLOMEO,43.0
PRATO,S.BARTOLOMEO,43.0
S.MARTINO,BELVEDERE,43.0
NERVI,S.BARTOLOMEO,43.0
QUARTARA,CORNIGLIANO,42.0
QUARTARA,MARASSI,42.0
PALMARO,S.FRUTTUOSO,42.0
S.GIOVANNI BATTISTA,S.QUIRICO,42.0
S.GIOVANNI BATTISTA,S.FRUTTUOSO,42.0
BEGATO,S.FRUTTUOSO,42.0
S.QUIRICO,S.GIOVANNI BATTISTA,42.0
CORNIGLIANO,QUARTARA,42.0
S.NICOLA,S.FRUTTUOSO,42.0
S.FRUTTUOSO,PALMARO,42.0
S.FRUTTUOSO,S.GIOVANNI BATTISTA,42.0
S.FRUTTUOSO,BEGATO,42.0
S.FRUTTUOSO,S.NICOLA,42.0
MARASSI,QUARTARA,42.0
MOLO,TEGLIA,41.0
CARIGNANO,NERVI,41.0
FOCE,CORNIGLIANO,41.0
FORTE QUEZZI,ANGELI,41.0
MOLASSANA,NERVI,41.0
PRATO,ANGELI,41.0
BORGORATTI,ANGELI,41.0
LIDO,NERVI,41.0
QUINTO,SESTRI,41.0
NERVI,VOLTRI,41.0
NERVI,CERTOSA,41.0
NERVI,CARIGNANO,41.0
NERVI,MOLASSANA,41.0
NERVI,LIDO,41.0
VOLTRI,NERVI,41.0
PEGLI,TEGLIA,41.0
SESTRI,QUINTO,41.0
CALCINARA,TEGLIA,41.0
CERTOSA,NERVI,41.0
TEGLIA,PEGLI,41.0
TEGLIA,CALCINARA,41.0
TEGLIA,PONTEDECIMO,41.0
TEGLIA,ANGELI,41.0
TEGLIA,S.TEODORO,41.0
TEGLIA,MOLO,41.0
PONTEDECIMO,TEGLIA,41.0
CORNIGLIANO,S.TEODORO,41.0
CORNIGLIANO,FOCE,41.0
CAMPASSO,ANGELI,41.0
ANGELI,TEGLIA,41.0
ANGELI,CAMPASSO,41.0
ANGELI,FORTE QUEZZI,41.0
ANGELI,PRATO,41.0
ANGELI,BORGORATTI,41.0
S.TEODORO,TEGLIA,41.0
S.TEODORO,CORNIGLIANO,41.0
CASTELLUCCIO,BOLZANETO,40.0
PEGLI,MANIN,40.0
PEGLI,ALBARO,40.0
PEGLI,S.GIULIANO,40.0
MULTEDO,BOLZANETO,40.0
SESTRI,FEREGGIANO,40.0
CALCINARA,S.TEODORO,40.0
CERTOSA,BRIGNOLE,40.0
BOLZANETO,CASTELLUCCIO,40.0
BOLZANETO,MULTEDO,40.0
S.QUIRICO,S.TEODORO,40.0
CAMPASSO,CAMPASSO,40.0
CAMPASSO,MADDALENA,40.0
CAMPASSO,MANIN,40.0
S.GAETANO,S.FRUTTUOSO,40.0
SAMPIERDARENA,QUARTO,40.0
BELVEDERE,S.TEODORO,40.0
BELVEDERE,FEREGGIANO,40.0
BELVEDERE,MARASSI,40.0
S.TEODORO,CALCINARA,40.0
S.TEODORO,S.QUIRICO,40.0
S.TEODORO,BELVEDERE,40.0
S.TEODORO,MADDALENA,40.0
S.TEODORO,S.AGATA,40.0
S.TEODORO,QUEZZI,40.0
S.TEODORO,LIDO,40.0
MADDALENA,CAMPASSO,40.0
MADDALENA,S.TEODORO,40.0
CASTELLETTO,MARASSI,40.0
MANIN,PEGLI,40.0
MANIN,CAMPASSO,40.0
FOCE,FEREGGIANO,40.0
BRIGNOLE,CERTOSA,40.0
S.AGATA,S.TEODORO,40.0
S.FRUTTUOSO,S.GAETANO,40.0
QUEZZI,S.TEODORO,40.0
FEREGGIANO,SESTRI,40.0
FEREGGIANO,BELVEDERE,40.0
FEREGGIANO,FOCE,40.0
FEREGGIANO,DORIA,40.0
FEREGGIANO,QUINTO,40.0
MARASSI,BELVEDERE,40.0
MARASSI,CASTELLETTO,40.0
MARASSI,MOLASSANA,40.0
MOLASSANA,MARASSI,40.0
DORIA,FEREGGIANO,40.0
ALBARO,PEGLI,40.0
S.GIULIANO,PEGLI,40.0
S.GIULIANO,QUARTO,40.0
LIDO,S.TEODORO,40.0
QUARTO,SAMPIERDARENA,40.0
QUARTO,S.GIULIANO,40.0
QUINTO,FEREGGIANO,40.0
QUARTARA,CASTELLETTO,39.0
QUINTO,S.NICOLA,39.0
NERVI,OREGINA,39.0
PRA',OREGINA,39.0
PRA',PRATO,39.0
TEGLIA,PARENZO,39.0
TEGLIA,PRATO,39.0
BOLZANETO,OREGINA,39.0
BOLZANETO,PRE',39.0
MOREGO,MOLASSANA,39.0
S.QUIRICO,S.NICOLA,39.0
S.QUIRICO,MOLASSANA,39.0
CORNIGLIANO,MOLASSANA,39.0
SAMPIERDARENA,S.NICOLA,39.0
BELVEDERE,S.NICOLA,39.0
BELVEDERE,CASTELLETTO,39.0
S.BARTOLOMEO,OREGINA,39.0
S.TEODORO,CASTELLETTO,39.0
OREGINA,PRA',39.0
OREGINA,BOLZANETO,39.0
OREGINA,S.BARTOLOMEO,39.0
OREGINA,S.PANTALEO,39.0
OREGINA,NERVI,39.0
PRE',BOLZANETO,39.0
PRE',PARENZO,39.0
MADDALENA,MOLASSANA,39.0
S.NICOLA,S.QUIRICO,39.0
S.NICOLA,SAMPIERDARENA,39.0
S.NICOLA,BELVEDERE,39.0
S.NICOLA,S.NICOLA,39.0
S.NICOLA,MOLASSANA,39.0
S.NICOLA,PRATO,39.0
S.NICOLA,QUINTO,39.0
CASTELLETTO,BELVEDERE,39.0
CASTELLETTO,S.TEODORO,39.0
CASTELLETTO,S.AGATA,39.0
CASTELLETTO,DORIA,39.0
CASTELLETTO,QUARTARA,39.0
CARIGNANO,PRATO,39.0
BRIGNOLE,PRATO,39.0
S.AGATA,CASTELLETTO,39.0
S.AGATA,PRATO,39.0
PARENZO,TEGLIA,39.0
PARENZO,PRE',39.0
S.PANTALEO,OREGINA,39.0
MOLASSANA,MOREGO,39.0
MOLASSANA,S.QUIRICO,39.0
MOLASSANA,CORNIGLIANO,39.0
MOLASSANA,MADDALENA,39.0
MOLASSANA,S.NICOLA,39.0
DORIA,CASTELLETTO,39.0
PRATO,PRA',39.0
PRATO,TEGLIA,39.0
PRATO,S.NICOLA,39.0
PRATO,CARIGNANO,39.0
PRATO,BRIGNOLE,39.0
PRATO,S.AGATA,39.0
PRE',PUGGIA,38.0
MADDALENA,S.MARTINO,38.0
MADDALENA,QUINTO,38.0
CASTELLETTO,LIDO,38.0
MANIN,S.GAETANO,38.0
MANIN,MONTESIGNANO,38.0
FOCE,PONTEDECIMO,38.0
FOCE,S.GAETANO,38.0
FOCE,ALBARO,38.0
S.FRUTTUOSO,PONTEDECIMO,38.0
QUEZZI,CERTOSA,38.0
QUEZZI,SAMPIERDARENA,38.0
QUEZZI,S.GIULIANO,38.0
FORTE QUEZZI,PEGLI,38.0
FORTE QUEZZI,SESTRI,38.0
FORTE QUEZZI,CHIAPPETO,38.0
MONTESIGNANO,MULTEDO,38.0
MONTESIGNANO,MANIN,38.0
MONTESIGNANO,BORGORATTI,38.0
MONTESIGNANO,QUARTO,38.0
MOLASSANA,S.GIULIANO,38.0
PRATO,BORGORATTI,38.0
BORGORATTI,BELVEDERE,38.0
BORGORATTI,MONTESIGNANO,38.0
BORGORATTI,PRATO,38.0
BORGORATTI,CASTAGNA,38.0
CHIAPPETO,FORTE QUEZZI,38.0
CHIAPPETO,QUINTO,38.0
CHIAPPETO,NERVI,38.0
S.MARTINO,S.GAETANO,38.0
S.MARTINO,MADDALENA,38.0
ALBARO,FOCE,38.0
ALBARO,QUARTO,38.0
S.GIULIANO,QUEZZI,38.0
S.GIULIANO,MOLASSANA,38.0
LIDO,CASTELLETTO,38.0
PUGGIA,PRE',38.0
QUARTO,MONTESIGNANO,38.0
QUARTO,ALBARO,38.0
CASTAGNA,CREVARI,38.0
CASTAGNA,VOLTRI,38.0
CASTAGNA,SAMPIERDARENA,38.0
CASTAGNA,BORGORATTI,38.0
QUINTO,MADDALENA,38.0
QUINTO,CHIAPPETO,38.0
NERVI,CHIAPPETO,38.0
CREVARI,S.TEODORO,38.0
CREVARI,CASTAGNA,38.0
VOLTRI,CASTAGNA,38.0
PALMARO,PONTEDECIMO,38.0
PEGLI,S.GAETANO,38.0
PEGLI,FORTE QUEZZI,38.0
MULTEDO,PONTEDECIMO,38.0
MULTEDO,MONTESIGNANO,38.0
SESTRI,FORTE QUEZZI,38.0
S.GIOVANNI BATTISTA,PONTEDECIMO,38.0
CALCINARA,PONTEDECIMO,38.0
CERTOSA,QUEZZI,38.0
TEGLIA,CAMPI,38.0
S.QUIRICO,S.GAETANO,38.0
PONTEDECIMO,PALMARO,38.0
PONTEDECIMO,MULTEDO,38.0
PONTEDECIMO,S.GIOVANNI BATTISTA,38.0
PONTEDECIMO,CALCINARA,38.0
PONTEDECIMO,FOCE,38.0
PONTEDECIMO,S.FRUTTUOSO,38.0
CAMPI,TEGLIA,38.0
S.GAETANO,PEGLI,38.0
S.GAETANO,S.QUIRICO,38.0
S.GAETANO,MANIN,38.0
S.GAETANO,FOCE,38.0
S.GAETANO,S.MARTINO,38.0
SAMPIERDARENA,QUEZZI,38.0
SAMPIERDARENA,CASTAGNA,38.0
BELVEDERE,BORGORATTI,38.0
S.TEODORO,CREVARI,38.0
CERTOSA,MANIN,37.0
MOREGO,S.GIULIANO,37.0
SAMPIERDARENA,S.AGATA,37.0
S.BARTOLOMEO,S.GIULIANO,37.0
S.TEODORO,QUARTO,37.0
MANIN,CERTOSA,37.0
FOCE,QUARTO,37.0
S.AGATA,SAMPIERDARENA,37.0
S.GIULIANO,MOREGO,37.0
S.GIULIANO,S.BARTOLOMEO,37.0
QUARTO,S.TEODORO,37.0
QUARTO,FOCE,37.0
LIDO,BELVEDERE,36.0
LIDO,MADDALENA,36.0
LIDO,CARIGNANO,36.0
LIDO,MOLASSANA,36.0
BELVEDERE,LIDO,36.0
PRE',S.PANTALEO,36.0
MADDALENA,LIDO,36.0
CARIGNANO,S.PANTALEO,36.0
CARIGNANO,LIDO,36.0
S.PANTALEO,PRE',36.0
S.PANTALEO,CARIGNANO,36.0
MOLASSANA,LIDO,36.0
NERVI,CASTELLUCCIO,35.0
CASTELLUCCIO,NERVI,35.0
BELVEDERE,APPARIZIONE,33.0
S.DESIDERIO,S.GIULIANO,33.0
APPARIZIONE,BELVEDERE,33.0
APPARIZIONE,APPARIZIONE,33.0
APPARIZIONE,S.GIULIANO,33.0
APPARIZIONE,LIDO,33.0
APPARIZIONE,CASTAGNA,33.0
S.GIULIANO,S.DESIDERIO,33.0
S.GIULIANO,APPARIZIONE,33.0
LIDO,APPARIZIONE,33.0
CASTAGNA,APPARIZIONE,33.0
S.MARTINO,S.EUSEBIO,32.0
CASTAGNA,S.EUSEBIO,32.0
S.EUSEBIO,S.MARTINO,32.0
S.EUSEBIO,CASTAGNA,32.0
MADDALENA,S.QUIRICO,31.0
MADDALENA,QUARTO,31.0
BRIGNOLE,SESTRI,31.0
SESTRI,BRIGNOLE,31.0
S.QUIRICO,CAMPI,31.0
S.QUIRICO,MADDALENA,31.0
S.QUIRICO,QUINTO,31.0
CAMPI,S.QUIRICO,31.0
QUARTO,MADDALENA,31.0
QUINTO,S.QUIRICO,31.0
CARIGNANO,BORZOLI OVEST,30.0
CREVARI,BORZOLI OVEST,30.0
PRA',BORZOLI OVEST,30.0
BORZOLI OVEST,CREVARI,30.0
BORZOLI OVEST,PRA',30.0
BORZOLI OVEST,CORNIGLIANO,30.0
BORZOLI OVEST,CARIGNANO,30.0
CORNIGLIANO,BORZOLI OVEST,30.0
S.VINCENZO,S.DESIDERIO,29.0
S.DESIDERIO,S.VINCENZO,29.0
PARENZO,S.GIULIANO,28.0
S.GIULIANO,PARENZO,28.0
PONTEDECIMO,S.TEODORO,28.0
S.TEODORO,PONTEDECIMO,28.0
PALMARO,LAGACCIO,23.0
LAGACCIO,PALMARO,23.0
LAGACCIO,S.NICOLA,23.0
S.NICOLA,LAGACCIO,23.0
PRA',QUARTO,22.0
QUARTO,PRA',22.0
S.GIULIANO,QUARTARA,21.0
QUARTARA,PRA',21.0
QUARTARA,MOLASSANA,21.0
QUARTARA,S.GIULIANO,21.0
S.NICOLA,CORNIGLIANO,21.0
S.FRUTTUOSO,APPARIZIONE,21.0
MARASSI,S.GIOVANNI BATTISTA,21.0
MOLASSANA,QUARTARA,21.0
APPARIZIONE,S.FRUTTUOSO,21.0
PRA',QUARTARA,21.0
S.GIOVANNI BATTISTA,MARASSI,21.0
RIVAROLO,CORNIGLIANO,21.0
MOREGO,CORNIGLIANO,21.0
CORNIGLIANO,RIVAROLO,21.0
CORNIGLIANO,MOREGO,21.0
CORNIGLIANO,S.NICOLA,21.0
PEGLI,CALCINARA,20.0
SESTRI,CASTELLETTO,20.0
S.GIOVANNI BATTISTA,S.TEODORO,20.0
S.GIOVANNI BATTISTA,CASTELLETTO,20.0
CALCINARA,PEGLI,20.0
CERTOSA,S.TEODORO,20.0
CERTOSA,QUINTO,20.0
BOLZANETO,FEREGGIANO,20.0
S.QUIRICO,CASTELLETTO,20.0
CORNIGLIANO,FEREGGIANO,20.0
CAMPI,ANGELI,20.0
SAMPIERDARENA,STURLA,20.0
SAMPIERDARENA,QUARTARA,20.0
S.BARTOLOMEO,STURLA,20.0
ANGELI,CAMPI,20.0
S.TEODORO,S.GIOVANNI BATTISTA,20.0
S.TEODORO,CERTOSA,20.0
S.TEODORO,ALBARO,20.0
S.TEODORO,S.GIULIANO,20.0
BORGORATTI,FEREGGIANO,20.0
ALBARO,S.TEODORO,20.0
ALBARO,FEREGGIANO,20.0
S.GIULIANO,S.TEODORO,20.0
S.GIULIANO,CASTELLETTO,20.0
LIDO,FEREGGIANO,20.0
STURLA,SAMPIERDARENA,20.0
STURLA,S.BARTOLOMEO,20.0
STURLA,MADDALENA,20.0
STURLA,CASTELLETTO,20.0
STURLA,S.FRUTTUOSO,20.0
QUARTO,MOLASSANA,20.0
QUARTARA,SAMPIERDARENA,20.0
QUINTO,CERTOSA,20.0
QUINTO,CASTELLETTO,20.0
NERVI,PRE',20.0
PRE',NERVI,20.0
MADDALENA,STURLA,20.0
CASTELLETTO,SESTRI,20.0
CASTELLETTO,S.GIOVANNI BATTISTA,20.0
CASTELLETTO,S.QUIRICO,20.0
CASTELLETTO,S.GIULIANO,20.0
CASTELLETTO,STURLA,20.0
CASTELLETTO,QUINTO,20.0
S.FRUTTUOSO,STURLA,20.0
FEREGGIANO,BOLZANETO,20.0
FEREGGIANO,CORNIGLIANO,20.0
FEREGGIANO,S.PANTALEO,20.0
FEREGGIANO,MOLASSANA,20.0
FEREGGIANO,PRATO,20.0
FEREGGIANO,BORGORATTI,20.0
FEREGGIANO,ALBARO,20.0
FEREGGIANO,LIDO,20.0
MARASSI,APPARIZIONE,20.0
S.PANTALEO,FEREGGIANO,20.0
MOLASSANA,FEREGGIANO,20.0
MOLASSANA,QUARTO,20.0
PRATO,FEREGGIANO,20.0
APPARIZIONE,MARASSI,20.0
OREGINA,PONTEDECIMO,19.0
OREGINA,PRE',19.0
OREGINA,LIDO,19.0
PRE',S.GAETANO,19.0
PRE',OREGINA,19.0
MADDALENA,ALBARO,19.0
MADDALENA,CASTAGNA,19.0
S.NICOLA,S.TEODORO,19.0
S.NICOLA,FORTE QUEZZI,19.0
S.NICOLA,DORIA,19.0
S.NICOLA,BAVARI,19.0
S.NICOLA,PUGGIA,19.0
S.NICOLA,STURLA,19.0
CASTELLETTO,FORTE QUEZZI,19.0
CASTELLETTO,PRATO,19.0
MANIN,SESTRI,19.0
MANIN,ANGELI,19.0
MANIN,QUEZZI,19.0
MANIN,PRATO,19.0
MANIN,CHIAPPETO,19.0
MANIN,QUARTARA,19.0
MANIN,CASTAGNA,19.0
FOCE,PUGGIA,19.0
S.AGATA,MOREGO,19.0
S.FRUTTUOSO,DORIA,19.0
S.FRUTTUOSO,QUARTO,19.0
QUEZZI,MANIN,19.0
QUEZZI,QUARTARA,19.0
MARASSI,BORGORATTI,19.0
FORTE QUEZZI,CERTOSA,19.0
FORTE QUEZZI,CORNIGLIANO,19.0
FORTE QUEZZI,S.GAETANO,19.0
FORTE QUEZZI,S.NICOLA,19.0
FORTE QUEZZI,CASTELLETTO,19.0
FORTE QUEZZI,PRATO,19.0
FORTE QUEZZI,BORGORATTI,19.0
S.PANTALEO,PONTEDECIMO,19.0
MONTESIGNANO,ANGELI,19.0
MONTESIGNANO,CASTAGNA,19.0
MOLASSANA,ALBARO,19.0
DORIA,S.NICOLA,19.0
DORIA,S.FRUTTUOSO,19.0
DORIA,DORIA,19.0
DORIA,LIDO,19.0
DORIA,NERVI,19.0
PRATO,CAMPI,19.0
PRATO,CASTELLETTO,19.0
PRATO,MANIN,19.0
PRATO,FORTE QUEZZI,19.0
PRATO,CASTAGNA,19.0
BAVARI,S.NICOLA,19.0
BORGORATTI,PEGLI,19.0
CREVARI,CREVARI,19.0
VOLTRI,ALBARO,19.0
PRA',CASTAGNA,19.0
PEGLI,BORGORATTI,19.0
MULTEDO,S.MARTINO,19.0
SESTRI,MANIN,19.0
SESTRI,CASTAGNA,19.0
BORZOLI EST,S.MARTINO,19.0
CERTOSA,FORTE QUEZZI,19.0
RIVAROLO,PONTEDECIMO,19.0
BOLZANETO,QUARTO,19.0
MOREGO,S.AGATA,19.0
S.QUIRICO,CASTAGNA,19.0
PONTEDECIMO,RIVAROLO,19.0
PONTEDECIMO,CAMPI,19.0
PONTEDECIMO,S.BARTOLOMEO,19.0
PONTEDECIMO,OREGINA,19.0
PONTEDECIMO,S.PANTALEO,19.0
PONTEDECIMO,BORGORATTI,19.0
PONTEDECIMO,QUINTO,19.0
CORNIGLIANO,FORTE QUEZZI,19.0
CAMPI,PONTEDECIMO,19.0
CAMPI,PRATO,19.0
S.GAETANO,PRE',19.0
S.GAETANO,FORTE QUEZZI,19.0
S.BARTOLOMEO,PONTEDECIMO,19.0
ANGELI,MANIN,19.0
ANGELI,MONTESIGNANO,19.0
S.TEODORO,S.NICOLA,19.0
BORGORATTI,PONTEDECIMO,19.0
BORGORATTI,MARASSI,19.0
BORGORATTI,FORTE QUEZZI,19.0
BORGORATTI,PUGGIA,19.0
BORGORATTI,QUARTARA,19.0
BORGORATTI,NERVI,19.0
CHIAPPETO,MANIN,19.0
CHIAPPETO,PUGGIA,19.0
S.MARTINO,MULTEDO,19.0
S.MARTINO,BORZOLI EST,19.0
ALBARO,VOLTRI,19.0
ALBARO,MADDALENA,19.0
ALBARO,MOLASSANA,19.0
LIDO,OREGINA,19.0
LIDO,DORIA,19.0
LIDO,QUARTO,19.0
PUGGIA,S.NICOLA,19.0
PUGGIA,FOCE,19.0
PUGGIA,BORGORATTI,19.0
PUGGIA,CHIAPPETO,19.0
STURLA,S.NICOLA,19.0
QUARTO,BOLZANETO,19.0
QUARTO,S.FRUTTUOSO,19.0
QUARTO,LIDO,19.0
QUARTARA,MANIN,19.0
QUARTARA,QUEZZI,19.0
QUARTARA,BORGORATTI,19.0
CASTAGNA,PRA',19.0
CASTAGNA,SESTRI,19.0
CASTAGNA,S.QUIRICO,19.0
CASTAGNA,MADDALENA,19.0
CASTAGNA,MANIN,19.0
CASTAGNA,MONTESIGNANO,19.0
CASTAGNA,PRATO,19.0
QUINTO,PONTEDECIMO,19.0
NERVI,DORIA,19.0
NERVI,BORGORATTI,19.0
S.GIULIANO,PALMARO,18.0
S.GIULIANO,MANIN,18.0
LIDO,ANGELI,18.0
MANIN,S.GIULIANO,18.0
S.VINCENZO,PALMARO,18.0
S.FRUTTUOSO,S.PANTALEO,18.0
MARASSI,S.PANTALEO,18.0
S.PANTALEO,S.GIOVANNI BATTISTA,18.0
S.PANTALEO,SAMPIERDARENA,18.0
S.PANTALEO,BELVEDERE,18.0
S.PANTALEO,S.FRUTTUOSO,18.0
S.PANTALEO,MARASSI,18.0
S.PANTALEO,S.PANTALEO,18.0
PALMARO,S.VINCENZO,18.0
PALMARO,S.GIULIANO,18.0
S.GIOVANNI BATTISTA,S.PANTALEO,18.0
SAMPIERDARENA,S.PANTALEO,18.0
BELVEDERE,S.PANTALEO,18.0
ANGELI,LIDO,18.0
S.QUIRICO,S.VINCENZO,16.0
PRE',S.EUSEBIO,16.0
S.VINCENZO,S.QUIRICO,16.0
CARIGNANO,S.EUSEBIO,16.0
S.EUSEBIO,PRE',16.0
S.EUSEBIO,CARIGNANO,16.0
S.EUSEBIO,APPARIZIONE,16.0
APPARIZIONE,S.EUSEBIO,16.0
MADDALENA,BORZOLI OVEST,15.0
CARIGNANO,S.DESIDERIO,15.0
S.DESIDERIO,CARIGNANO,15.0
S.DESIDERIO,LIDO,15.0
S.DESIDERIO,QUARTO,15.0
S.MARTINO,BORZOLI OVEST,15.0
ALBARO,BORZOLI OVEST,15.0
LIDO,BORZOLI OVEST,15.0
LIDO,S.DESIDERIO,15.0
QUARTO,S.DESIDERIO,15.0
QUARTARA,BORZOLI OVEST,15.0
VOLTRI,BORZOLI OVEST,15.0
BORZOLI OVEST,VOLTRI,15.0
BORZOLI OVEST,PONTEDECIMO,15.0
BORZOLI OVEST,CAMPI,15.0
BORZOLI OVEST,CAMPASSO,15.0
BORZOLI OVEST,S.TEODORO,15.0
BORZOLI OVEST,MADDALENA,15.0
BORZOLI OVEST,S.MARTINO,15.0
BORZOLI OVEST,ALBARO,15.0
BORZOLI OVEST,LIDO,15.0
BORZOLI OVEST,QUARTARA,15.0
PONTEDECIMO,BORZOLI OVEST,15.0
CAMPI,BORZOLI OVEST,15.0
CAMPASSO,BORZOLI OVEST,15.0
S.TEODORO,BORZOLI OVEST,15.0
MOLO,BAVARI,12.0
BAVARI,MOLO,12.0
BAVARI,NERVI,12.0
NERVI,BAVARI,12.0
S.GIULIANO,BEGATO,9.0
BEGATO,S.GIULIANO,9.0
CORNIGLIANO,APPARIZIONE,8.0
APPARIZIONE,CORNIGLIANO,8.0
