zona,puntiTot,numNodiDaPrendere
VOLTRI,261,8
PALMARO,170,8
PEGLI,160,8
SESTRI,152,8
S.GIOVANNI BATTISTA,162,8
BOLZANETO,244,8
CORNIGLIANO,157,8
SAMPIERDARENA,163,8
S.TEODORO,155,8
BRIGNOLE,162,8
S.FRUTTUOSO,172,8
MONTESIGNANO,167,8
MOLASSANA,200,8
PRATO,169,8
NERVI,152,8
CA NUOVA,61,5
PRA',112,5
CASTELLUCCIO,54,5
MULTEDO,127,5
CALCINARA,145,5
BORZOLI OVEST,102,5
BORZOLI EST,83,5
CERTOSA,109,5
RIVAROLO,122,5
TEGLIA,73,5
BEGATO,117,5
MOREGO,85,5
S.QUIRICO,103,5
PONTEDECIMO,100,5
CAMPASSO,62,5
S.GAETANO,58,5
S.BARTOLOMEO,75,5
ANGELI,105,5
LAGACCIO,55,5
OREGINA,103,5
PRE',66,5
S.NICOLA,73,5
CASTELLETTO,77,5
MANIN,72,5
S.VINCENZO,118,5
CARIGNANO,118,5
FOCE,62,5
S.AGATA,98,5
QUEZZI,87,5
FEREGGIANO,58,5
MARASSI,64,5
FORTE QUEZZI,74,5
PARENZO,137,5
S.PANTALEO,85,5
S.EUSEBIO,88,5
DORIA,92,5
S.DESIDERIO,57,5
APPARIZIONE,54,5
BORGORATTI,121,5
CHIAPPETO,67,5
S.MARTINO,120,5
ALBARO,108,5
S.GIULIANO,106,5
LIDO,79,5
PUGGIA,85,5
STURLA,106,5
QUARTO,135,5
QUARTARA,77,5
CASTAGNA,148,5
QUINTO,136,5
CREVARI,50,3
CAMPI,41,3
BELVEDERE,41,3
MADDALENA,33,3
MOLO,19,3
BAVARI,41,3
Ceranesi,1,1
Montoggio,1,1
Serra Riccò,1,1
