CODICE,NOME
1,CREVARI
2,VOLTRI
3,CA NUOVA
4,PALMARO
5,PRA'
6,CASTELLUCCIO
7,PEGLI
8,MULTEDO
9,SESTRI
10,S.GIOVANNI BATTISTA
11,CALCINARA
12,BORZOLI OVEST
13,BORZOLI EST
14,CERTOSA
15,RIVAROLO
16,TEGLIA
17,BEGATO
18,BOLZANETO
19,MOREGO
20,S.QUIRICO
21,PONTEDECIMO
22,CORNIGLIANO
23,CAMPI
24,CAMPASSO
25,S.GAETANO
26,SAMPIERDARENA
27,BELVEDERE
28,S.BARTOLOMEO
29,ANGELI
30,S.TEODORO
31,LAGACCIO
32,OREGINA
33,PRE'
34,MADDALENA
35,MOLO
36,S.NICOLA
37,CASTELLETTO
38,MANIN
39,S.VINCENZO
40,CARIGNANO
45,QUEZZI
46,FEREGGIANO
47,MARASSI
48,FORTE QUEZZI
49,PARENZO
50,S.PANTALEO
51,MONTESIGNANO
52,S.EUSEBIO
53,MOLASSANA
54,DORIA
55,PRATO
56,BAVARI
57,S.DESIDERIO
58,APPARIZIONE
59,BORGORATTI
60,CHIAPPETO
61,S.MARTINO
62,ALBARO
63,S.GIULIANO
64,LIDO
65,PUGGIA
66,STURLA
67,QUARTO
68,QUARTARA
69,CASTAGNA
70,QUINTO
71,NERVI
41,FOCE
42,BRIGNOLE
43,S.AGATA
44,S.FRUTTUOSO
72,ARENZANO
73,AVEGNO
74,BARGAGLI
75,BOGLIASCO
76,BORZONASCA
77,BUSALLA
78,CAMOGLI
79,CAMPO LIGURE
80,CAMPOMORONE
81,CARASCO
82,CASARZA LIGURE
83,CASELLA
84,CASTIGLIONE CHIAVARESE
85,CERANESI
86,CHIAVARI
87,CICAGNA
88,COGOLETO
89,COGORNO
90,COREGLIA LIGURE
91,CROCEFIESCHI
92,DAVAGNA
93,FASCIA
94,FAVALE DI MALVARO
95,FONTANIGORDA
96,GORRETO
97,ISOLA DEL CANTONE
98,LAVAGNA
99,LEIVI
100,LORSICA
101,LUMARZO
102,MASONE
103,MELE
104,MEZZANEGO
105,MIGNANEGO
106,MOCONESI
107,MONEGLIA
108,MONTEBRUNO
109,MONTOGGIO
110,NE
111,NEIRONE
112,ORERO
113,PIEVE LIGURE
114,PORTOFINO
115,PROPATA
116,RAPALLO
117,RECCO
118,REZZOAGLIO
119,RONCO SCRIVIA
120,RONDANINA
121,ROSSIGLIONE
122,ROVEGNO
123,S. COLOMBANO CERTENOLI
124,S. MARGHERITA LIGURE
125,S. OLCESE
126,S. STEFANO D'AVETO
127,SAVIGNONE
128,SERRA RICCO'
129,SESTRI LEVANTE
130,SORI
131,TIGLIETO
132,TORRIGLIA
133,TRIBOGNA
134,USCIO
135,VALBREVENNA
136,VOBBIA
137,ZOAGLI
